-- --------------------------------------------------------
-- Host:                         127.0.0.1
-- Server version:               5.7.22 - MySQL Community Server (GPL)
-- Server OS:                    Linux
-- HeidiSQL Version:             9.5.0.5327
-- --------------------------------------------------------

/*!40101 SET @OLD_CHARACTER_SET_CLIENT=@@CHARACTER_SET_CLIENT */;
/*!40101 SET NAMES utf8 */;
/*!50503 SET NAMES utf8mb4 */;
/*!40014 SET @OLD_FOREIGN_KEY_CHECKS=@@FOREIGN_KEY_CHECKS, FOREIGN_KEY_CHECKS=0 */;
/*!40101 SET @OLD_SQL_MODE=@@SQL_MODE, SQL_MODE='NO_AUTO_VALUE_ON_ZERO' */;


-- Dumping database structure for school
CREATE DATABASE IF NOT EXISTS `school` /*!40100 DEFAULT CHARACTER SET latin1 */;
USE `school`;

-- Dumping structure for table school.assessments
CREATE TABLE IF NOT EXISTS `assessments` (
  `id` int(10) unsigned NOT NULL AUTO_INCREMENT,
  `student_id` int(10) unsigned NOT NULL,
  `course_id` int(10) unsigned NOT NULL,
  `score` decimal(8,2) DEFAULT NULL,
  `at` timestamp NOT NULL DEFAULT CURRENT_TIMESTAMP ON UPDATE CURRENT_TIMESTAMP,
  `created_at` timestamp NULL DEFAULT NULL,
  `updated_at` timestamp NULL DEFAULT NULL,
  PRIMARY KEY (`id`),
  KEY `assessments_student_id_foreign` (`student_id`),
  KEY `assessments_course_id_foreign` (`course_id`),
  KEY `assessments_id_student_id_course_id_index` (`id`,`student_id`,`course_id`),
  CONSTRAINT `assessments_course_id_foreign` FOREIGN KEY (`course_id`) REFERENCES `courses` (`id`) ON UPDATE CASCADE,
  CONSTRAINT `assessments_student_id_foreign` FOREIGN KEY (`student_id`) REFERENCES `students` (`id`) ON UPDATE CASCADE
) ENGINE=InnoDB AUTO_INCREMENT=201 DEFAULT CHARSET=utf8mb4 COLLATE=utf8mb4_unicode_ci;

-- Dumping data for table school.assessments: ~200 rows (approximately)
DELETE FROM `assessments`;
/*!40000 ALTER TABLE `assessments` DISABLE KEYS */;
INSERT INTO `assessments` (`id`, `student_id`, `course_id`, `score`, `at`, `created_at`, `updated_at`) VALUES
	(1, 127, 13, 95.00, '2018-11-23 14:51:57', '2018-07-07 19:38:56', '2018-11-23 14:51:57'),
	(2, 116, 11, 92.00, '2018-11-23 14:51:57', '2018-07-02 08:35:09', '2018-11-23 14:51:57'),
	(3, 7, 10, 37.00, '2018-11-23 14:51:57', '2018-05-07 11:24:36', '2018-11-23 14:51:57'),
	(4, 120, 9, 85.00, '2018-11-23 14:51:57', '2018-01-18 09:49:06', '2018-11-23 14:51:57'),
	(5, 4, 3, 94.00, '2018-11-23 14:51:57', '2018-10-18 13:09:35', '2018-11-23 14:51:57'),
	(6, 100, 2, 88.00, '2018-11-23 14:51:57', '2018-10-16 17:07:37', '2018-11-23 14:51:57'),
	(7, 123, 5, 99.00, '2018-11-23 14:51:58', '2018-03-18 21:22:07', '2018-11-23 14:51:58'),
	(8, 27, 9, 52.00, '2018-11-23 14:51:58', '2018-01-24 16:21:49', '2018-11-23 14:51:58'),
	(9, 68, 7, 60.00, '2018-11-23 14:51:58', '2018-11-16 20:49:18', '2018-11-23 14:51:58'),
	(10, 79, 11, 69.00, '2018-11-23 14:51:58', '2017-12-27 19:05:21', '2018-11-23 14:51:58'),
	(11, 138, 2, 80.00, '2018-11-23 14:51:58', '2017-12-24 17:15:17', '2018-11-23 14:51:58'),
	(12, 13, 6, 90.00, '2018-11-23 14:51:58', '2018-01-24 00:57:54', '2018-11-23 14:51:58'),
	(13, 131, 4, 85.00, '2018-11-23 14:51:58', '2018-06-16 16:03:25', '2018-11-23 14:51:58'),
	(14, 107, 11, 59.00, '2018-11-23 14:51:59', '2018-09-04 06:23:52', '2018-11-23 14:51:59'),
	(15, 32, 7, 89.00, '2018-11-23 14:51:59', '2018-01-02 11:08:58', '2018-11-23 14:51:59'),
	(16, 40, 9, 44.00, '2018-11-23 14:51:59', '2017-12-22 08:56:35', '2018-11-23 14:51:59'),
	(17, 71, 1, 39.00, '2018-11-23 14:51:59', '2018-01-15 10:32:07', '2018-11-23 14:51:59'),
	(18, 46, 12, 31.00, '2018-11-23 14:51:59', '2018-10-01 05:00:10', '2018-11-23 14:51:59'),
	(19, 102, 2, 83.00, '2018-11-23 14:51:59', '2018-11-17 21:08:29', '2018-11-23 14:51:59'),
	(20, 1, 3, 75.00, '2018-11-23 14:51:59', '2018-11-05 07:44:38', '2018-11-23 14:51:59'),
	(21, 135, 4, 34.00, '2018-11-23 14:51:59', '2018-07-22 14:23:20', '2018-11-23 14:51:59'),
	(22, 113, 2, 87.00, '2018-11-23 14:52:00', '2018-08-12 10:48:50', '2018-11-23 14:52:00'),
	(23, 14, 3, 40.00, '2018-11-23 14:52:00', '2018-02-21 19:21:57', '2018-11-23 14:52:00'),
	(24, 5, 12, 73.00, '2018-11-23 14:52:00', '2018-02-27 22:25:45', '2018-11-23 14:52:00'),
	(25, 107, 10, 58.00, '2018-11-23 14:52:00', '2018-04-02 16:14:20', '2018-11-23 14:52:00'),
	(26, 5, 11, 65.00, '2018-11-23 14:52:00', '2018-03-11 12:48:53', '2018-11-23 14:52:00'),
	(27, 73, 12, 21.00, '2018-11-23 14:52:00', '2018-04-23 23:54:29', '2018-11-23 14:52:00'),
	(28, 63, 1, 39.00, '2018-11-23 14:52:00', '2018-03-30 08:07:26', '2018-11-23 14:52:00'),
	(29, 115, 8, 48.00, '2018-11-23 14:52:01', '2018-08-06 01:13:36', '2018-11-23 14:52:01'),
	(30, 8, 3, 84.00, '2018-11-23 14:52:01', '2018-07-14 20:06:26', '2018-11-23 14:52:01'),
	(31, 134, 4, 46.00, '2018-11-23 14:52:01', '2018-06-15 19:29:27', '2018-11-23 14:52:01'),
	(32, 25, 8, 80.00, '2018-11-23 14:52:01', '2018-08-21 07:08:30', '2018-11-23 14:52:01'),
	(33, 5, 7, 67.00, '2018-11-23 14:52:01', '2018-11-21 19:45:41', '2018-11-23 14:52:01'),
	(34, 117, 9, 41.00, '2018-11-23 14:52:01', '2018-04-13 18:42:38', '2018-11-23 14:52:01'),
	(35, 45, 4, 34.00, '2018-11-23 14:52:01', '2018-08-07 22:06:37', '2018-11-23 14:52:01'),
	(36, 139, 4, 43.00, '2018-11-23 14:52:02', '2017-12-26 22:48:10', '2018-11-23 14:52:02'),
	(37, 107, 2, 63.00, '2018-11-23 14:52:02', '2017-12-24 13:06:38', '2018-11-23 14:52:02'),
	(38, 124, 8, 41.00, '2018-11-23 14:52:02', '2017-12-24 00:32:46', '2018-11-23 14:52:02'),
	(39, 9, 10, 57.00, '2018-11-23 14:52:02', '2018-06-28 05:45:40', '2018-11-23 14:52:02'),
	(40, 32, 7, 43.00, '2018-11-23 14:52:02', '2018-09-09 11:41:18', '2018-11-23 14:52:02'),
	(41, 34, 5, 65.00, '2018-11-23 14:52:02', '2018-10-28 15:57:43', '2018-11-23 14:52:02'),
	(42, 86, 5, 35.00, '2018-11-23 14:52:02', '2018-04-30 18:32:33', '2018-11-23 14:52:02'),
	(43, 81, 6, 95.00, '2018-11-23 14:52:02', '2018-06-18 16:22:04', '2018-11-23 14:52:02'),
	(44, 56, 6, 21.00, '2018-11-23 14:52:03', '2018-04-05 22:26:23', '2018-11-23 14:52:03'),
	(45, 41, 8, 48.00, '2018-11-23 14:52:03', '2018-04-05 03:40:08', '2018-11-23 14:52:03'),
	(46, 32, 5, 31.00, '2018-11-23 14:52:03', '2018-09-25 14:04:58', '2018-11-23 14:52:03'),
	(47, 59, 7, 84.00, '2018-11-23 14:52:03', '2017-12-10 15:25:38', '2018-11-23 14:52:03'),
	(48, 91, 4, 32.00, '2018-11-23 14:52:03', '2018-05-09 14:35:22', '2018-11-23 14:52:03'),
	(49, 101, 10, 43.00, '2018-11-23 14:52:03', '2018-01-02 09:02:32', '2018-11-23 14:52:03'),
	(50, 93, 7, 37.00, '2018-11-23 14:52:03', '2018-10-17 01:54:01', '2018-11-23 14:52:03'),
	(51, 99, 5, 23.00, '2018-11-23 14:52:04', '2018-08-08 19:57:50', '2018-11-23 14:52:04'),
	(52, 9, 8, 96.00, '2018-11-23 14:52:04', '2018-01-27 19:59:51', '2018-11-23 14:52:04'),
	(53, 19, 7, 51.00, '2018-11-23 14:52:04', '2018-06-05 23:08:48', '2018-11-23 14:52:04'),
	(54, 70, 12, 69.00, '2018-11-23 14:52:04', '2018-02-09 21:47:09', '2018-11-23 14:52:04'),
	(55, 7, 1, 89.00, '2018-11-23 14:52:04', '2018-03-27 21:20:44', '2018-11-23 14:52:04'),
	(56, 41, 13, 95.00, '2018-11-23 14:52:04', '2018-01-09 15:39:59', '2018-11-23 14:52:04'),
	(57, 5, 2, 77.00, '2018-11-23 14:52:05', '2017-12-29 08:34:10', '2018-11-23 14:52:05'),
	(58, 47, 4, 76.00, '2018-11-23 14:52:05', '2018-06-19 11:34:47', '2018-11-23 14:52:05'),
	(59, 17, 13, 51.00, '2018-11-23 14:52:05', '2018-11-02 23:19:53', '2018-11-23 14:52:05'),
	(60, 35, 7, 58.00, '2018-11-23 14:52:05', '2018-04-25 13:48:14', '2018-11-23 14:52:05'),
	(61, 107, 6, 31.00, '2018-11-23 14:52:05', '2018-05-01 10:18:09', '2018-11-23 14:52:05'),
	(62, 114, 8, 75.00, '2018-11-23 14:52:05', '2018-07-16 19:16:04', '2018-11-23 14:52:05'),
	(63, 11, 12, 72.00, '2018-11-23 14:52:05', '2018-03-28 09:48:57', '2018-11-23 14:52:05'),
	(64, 5, 10, 46.00, '2018-11-23 14:52:05', '2018-04-19 03:29:33', '2018-11-23 14:52:05'),
	(65, 10, 5, 68.00, '2018-11-23 14:52:05', '2018-04-01 18:03:59', '2018-11-23 14:52:05'),
	(66, 18, 10, 40.00, '2018-11-23 14:52:06', '2018-03-04 16:30:20', '2018-11-23 14:52:06'),
	(67, 34, 6, 58.00, '2018-11-23 14:52:06', '2018-11-07 17:02:30', '2018-11-23 14:52:06'),
	(68, 96, 9, 57.00, '2018-11-23 14:52:06', '2018-03-21 20:58:04', '2018-11-23 14:52:06'),
	(69, 62, 4, 20.00, '2018-11-23 14:52:06', '2018-06-07 16:27:47', '2018-11-23 14:52:06'),
	(70, 71, 6, 72.00, '2018-11-23 14:52:06', '2018-07-08 11:56:06', '2018-11-23 14:52:06'),
	(71, 12, 9, 72.00, '2018-11-23 14:52:06', '2018-01-28 12:10:33', '2018-11-23 14:52:06'),
	(72, 113, 13, 72.00, '2018-11-23 14:52:06', '2018-03-10 21:17:40', '2018-11-23 14:52:06'),
	(73, 81, 7, 55.00, '2018-11-23 14:52:06', '2018-08-13 21:55:46', '2018-11-23 14:52:06'),
	(74, 24, 7, 60.00, '2018-11-23 14:52:06', '2018-09-14 22:52:13', '2018-11-23 14:52:06'),
	(75, 18, 4, 72.00, '2018-11-23 14:52:07', '2018-09-10 12:55:20', '2018-11-23 14:52:07'),
	(76, 66, 11, 92.00, '2018-11-23 14:52:07', '2018-05-10 18:38:46', '2018-11-23 14:52:07'),
	(77, 71, 9, 37.00, '2018-11-23 14:52:07', '2018-06-23 19:44:21', '2018-11-23 14:52:07'),
	(78, 81, 7, 42.00, '2018-11-23 14:52:07', '2018-03-28 09:53:43', '2018-11-23 14:52:07'),
	(79, 63, 4, 27.00, '2018-11-23 14:52:07', '2018-08-02 22:02:08', '2018-11-23 14:52:07'),
	(80, 119, 6, 60.00, '2018-11-23 14:52:07', '2017-12-18 01:14:09', '2018-11-23 14:52:07'),
	(81, 47, 5, 99.00, '2018-11-23 14:52:07', '2018-03-04 08:31:48', '2018-11-23 14:52:07'),
	(82, 128, 1, 97.00, '2018-11-23 14:52:07', '2018-01-11 11:21:33', '2018-11-23 14:52:07'),
	(83, 122, 5, 76.00, '2018-11-23 14:52:08', '2018-07-09 20:49:47', '2018-11-23 14:52:08'),
	(84, 138, 2, 41.00, '2018-11-23 14:52:08', '2018-11-08 06:35:18', '2018-11-23 14:52:08'),
	(85, 67, 12, 31.00, '2018-11-23 14:52:08', '2018-08-14 05:39:04', '2018-11-23 14:52:08'),
	(86, 109, 10, 34.00, '2018-11-23 14:52:08', '2018-01-05 12:58:39', '2018-11-23 14:52:08'),
	(87, 77, 7, 95.00, '2018-11-23 14:52:08', '2018-05-01 10:14:59', '2018-11-23 14:52:08'),
	(88, 115, 2, 25.00, '2018-11-23 14:52:08', '2018-10-05 08:37:32', '2018-11-23 14:52:08'),
	(89, 133, 2, 30.00, '2018-11-23 14:52:08', '2018-07-13 07:22:02', '2018-11-23 14:52:08'),
	(90, 36, 13, 66.00, '2018-11-23 14:52:09', '2018-06-28 20:38:40', '2018-11-23 14:52:09'),
	(91, 22, 10, 61.00, '2018-11-23 14:52:09', '2018-06-13 07:07:57', '2018-11-23 14:52:09'),
	(92, 30, 2, 20.00, '2018-11-23 14:52:09', '2018-04-19 10:55:35', '2018-11-23 14:52:09'),
	(93, 57, 13, 20.00, '2018-11-23 14:52:09', '2017-12-07 03:32:58', '2018-11-23 14:52:09'),
	(94, 84, 1, 74.00, '2018-11-23 14:52:09', '2018-07-06 09:47:44', '2018-11-23 14:52:09'),
	(95, 27, 1, 35.00, '2018-11-23 14:52:09', '2018-04-29 07:48:50', '2018-11-23 14:52:09'),
	(96, 66, 11, 29.00, '2018-11-23 14:52:10', '2018-06-09 08:09:21', '2018-11-23 14:52:10'),
	(97, 17, 7, 78.00, '2018-11-23 14:52:10', '2018-10-16 22:08:45', '2018-11-23 14:52:10'),
	(98, 55, 7, 66.00, '2018-11-23 14:52:10', '2018-11-04 21:56:46', '2018-11-23 14:52:10'),
	(99, 13, 4, 54.00, '2018-11-23 14:52:10', '2018-10-08 14:15:33', '2018-11-23 14:52:10'),
	(100, 65, 2, 85.00, '2018-11-23 14:52:10', '2018-11-05 10:28:14', '2018-11-23 14:52:10'),
	(101, 103, 13, 33.00, '2018-11-23 14:52:10', '2018-09-19 16:19:37', '2018-11-23 14:52:10'),
	(102, 86, 9, 32.00, '2018-11-23 14:52:11', '2018-11-22 02:20:56', '2018-11-23 14:52:11'),
	(103, 62, 8, 47.00, '2018-11-23 14:52:11', '2018-04-24 13:09:05', '2018-11-23 14:52:11'),
	(104, 139, 10, 21.00, '2018-11-23 14:52:11', '2017-12-27 23:01:01', '2018-11-23 14:52:11'),
	(105, 94, 6, 79.00, '2018-11-23 14:52:11', '2018-06-19 20:39:41', '2018-11-23 14:52:11'),
	(106, 128, 7, 29.00, '2018-11-23 14:52:11', '2018-08-16 23:58:26', '2018-11-23 14:52:11'),
	(107, 123, 8, 65.00, '2018-11-23 14:52:11', '2018-02-02 20:00:38', '2018-11-23 14:52:11'),
	(108, 76, 3, 73.00, '2018-11-23 14:52:12', '2018-07-07 20:35:29', '2018-11-23 14:52:11'),
	(109, 41, 7, 25.00, '2018-11-23 14:52:12', '2018-06-16 00:02:14', '2018-11-23 14:52:12'),
	(110, 83, 5, 46.00, '2018-11-23 14:52:12', '2018-03-24 01:28:48', '2018-11-23 14:52:12'),
	(111, 62, 6, 36.00, '2018-11-23 14:52:12', '2018-09-14 04:30:39', '2018-11-23 14:52:12'),
	(112, 3, 5, 37.00, '2018-11-23 14:52:12', '2018-08-27 05:06:23', '2018-11-23 14:52:12'),
	(113, 99, 8, 41.00, '2018-11-23 14:52:12', '2018-10-22 04:29:15', '2018-11-23 14:52:12'),
	(114, 124, 8, 47.00, '2018-11-23 14:52:12', '2018-09-19 20:04:01', '2018-11-23 14:52:12'),
	(115, 67, 10, 40.00, '2018-11-23 14:52:13', '2018-06-05 10:47:01', '2018-11-23 14:52:13'),
	(116, 139, 3, 23.00, '2018-11-23 14:52:13', '2018-03-09 05:25:21', '2018-11-23 14:52:13'),
	(117, 55, 4, 31.00, '2018-11-23 14:52:13', '2018-08-22 04:23:42', '2018-11-23 14:52:13'),
	(118, 133, 5, 40.00, '2018-11-23 14:52:13', '2018-05-04 07:22:53', '2018-11-23 14:52:13'),
	(119, 79, 13, 88.00, '2018-11-23 14:52:13', '2018-09-13 23:58:54', '2018-11-23 14:52:13'),
	(120, 21, 10, 27.00, '2018-11-23 14:52:13', '2018-03-21 01:04:25', '2018-11-23 14:52:13'),
	(121, 93, 5, 69.00, '2018-11-23 14:52:14', '2018-03-27 15:21:35', '2018-11-23 14:52:13'),
	(122, 97, 13, 74.00, '2018-11-23 14:52:14', '2018-04-14 09:20:55', '2018-11-23 14:52:14'),
	(123, 43, 3, 88.00, '2018-11-23 14:52:14', '2018-07-11 20:23:39', '2018-11-23 14:52:14'),
	(124, 20, 10, 45.00, '2018-11-23 14:52:14', '2018-02-20 11:00:27', '2018-11-23 14:52:14'),
	(125, 106, 13, 40.00, '2018-11-23 14:52:14', '2018-01-10 07:28:09', '2018-11-23 14:52:14'),
	(126, 87, 9, 47.00, '2018-11-23 14:52:14', '2018-05-25 07:38:09', '2018-11-23 14:52:14'),
	(127, 125, 10, 41.00, '2018-11-23 14:52:14', '2018-09-13 04:32:00', '2018-11-23 14:52:14'),
	(128, 56, 13, 92.00, '2018-11-23 14:52:15', '2018-03-12 17:06:55', '2018-11-23 14:52:15'),
	(129, 21, 2, 50.00, '2018-11-23 14:52:15', '2018-08-02 00:30:13', '2018-11-23 14:52:15'),
	(130, 113, 7, 83.00, '2018-11-23 14:52:15', '2017-11-28 00:06:50', '2018-11-23 14:52:15'),
	(131, 61, 4, 42.00, '2018-11-23 14:52:15', '2018-02-10 12:20:22', '2018-11-23 14:52:15'),
	(132, 58, 2, 95.00, '2018-11-23 14:52:15', '2018-05-07 08:38:20', '2018-11-23 14:52:15'),
	(133, 114, 6, 63.00, '2018-11-23 14:52:16', '2018-04-23 11:31:58', '2018-11-23 14:52:16'),
	(134, 62, 1, 63.00, '2018-11-23 14:52:16', '2018-10-25 23:11:28', '2018-11-23 14:52:16'),
	(135, 22, 4, 78.00, '2018-11-23 14:52:16', '2018-01-23 17:03:29', '2018-11-23 14:52:16'),
	(136, 13, 6, 50.00, '2018-11-23 14:52:16', '2018-01-26 07:20:44', '2018-11-23 14:52:16'),
	(137, 103, 1, 29.00, '2018-11-23 14:52:16', '2018-08-03 01:43:34', '2018-11-23 14:52:16'),
	(138, 91, 10, 62.00, '2018-11-23 14:52:16', '2018-05-25 14:32:39', '2018-11-23 14:52:16'),
	(139, 83, 12, 77.00, '2018-11-23 14:52:16', '2018-07-05 07:39:43', '2018-11-23 14:52:16'),
	(140, 75, 7, 75.00, '2018-11-23 14:52:17', '2018-09-02 10:50:34', '2018-11-23 14:52:17'),
	(141, 27, 4, 37.00, '2018-11-23 14:52:17', '2018-04-01 00:31:27', '2018-11-23 14:52:17'),
	(142, 122, 1, 59.00, '2018-11-23 14:52:17', '2018-06-01 23:28:07', '2018-11-23 14:52:17'),
	(143, 83, 13, 62.00, '2018-11-23 14:52:17', '2018-03-28 15:09:54', '2018-11-23 14:52:17'),
	(144, 137, 8, 43.00, '2018-11-23 14:52:17', '2018-04-25 10:48:12', '2018-11-23 14:52:17'),
	(145, 113, 3, 45.00, '2018-11-23 14:52:17', '2018-10-29 21:14:43', '2018-11-23 14:52:17'),
	(146, 115, 9, 98.00, '2018-11-23 14:52:18', '2018-08-04 15:32:27', '2018-11-23 14:52:18'),
	(147, 120, 10, 62.00, '2018-11-23 14:52:18', '2018-03-12 23:23:15', '2018-11-23 14:52:18'),
	(148, 57, 13, 71.00, '2018-11-23 14:52:18', '2018-05-05 14:06:19', '2018-11-23 14:52:18'),
	(149, 29, 8, 23.00, '2018-11-23 14:52:18', '2018-10-20 16:43:32', '2018-11-23 14:52:18'),
	(150, 4, 4, 50.00, '2018-11-23 14:52:18', '2018-01-17 18:01:28', '2018-11-23 14:52:18'),
	(151, 130, 12, 83.00, '2018-11-23 14:52:19', '2018-02-04 07:25:12', '2018-11-23 14:52:19'),
	(152, 123, 2, 69.00, '2018-11-23 14:52:19', '2018-04-13 20:42:10', '2018-11-23 14:52:19'),
	(153, 11, 11, 56.00, '2018-11-23 14:52:19', '2018-05-17 04:39:39', '2018-11-23 14:52:19'),
	(154, 35, 4, 25.00, '2018-11-23 14:52:19', '2018-05-14 12:38:38', '2018-11-23 14:52:19'),
	(155, 93, 1, 23.00, '2018-11-23 14:52:19', '2018-04-15 12:05:43', '2018-11-23 14:52:19'),
	(156, 50, 10, 48.00, '2018-11-23 14:52:19', '2018-04-30 03:39:11', '2018-11-23 14:52:19'),
	(157, 117, 9, 28.00, '2018-11-23 14:52:20', '2018-09-16 18:07:26', '2018-11-23 14:52:20'),
	(158, 139, 6, 86.00, '2018-11-23 14:52:20', '2018-04-29 11:02:44', '2018-11-23 14:52:20'),
	(159, 136, 2, 26.00, '2018-11-23 14:52:20', '2018-08-28 09:21:56', '2018-11-23 14:52:20'),
	(160, 92, 9, 69.00, '2018-11-23 14:52:20', '2018-03-31 22:37:53', '2018-11-23 14:52:20'),
	(161, 125, 4, 82.00, '2018-11-23 14:52:20', '2018-08-13 17:07:34', '2018-11-23 14:52:20'),
	(162, 126, 12, 96.00, '2018-11-23 14:52:20', '2018-06-26 19:22:36', '2018-11-23 14:52:20'),
	(163, 136, 10, 35.00, '2018-11-23 14:52:20', '2018-06-30 14:10:54', '2018-11-23 14:52:20'),
	(164, 35, 13, 32.00, '2018-11-23 14:52:21', '2018-10-28 09:46:51', '2018-11-23 14:52:21'),
	(165, 34, 10, 44.00, '2018-11-23 14:52:21', '2018-07-07 15:22:40', '2018-11-23 14:52:21'),
	(166, 35, 3, 90.00, '2018-11-23 14:52:21', '2018-11-04 17:27:54', '2018-11-23 14:52:21'),
	(167, 81, 13, 26.00, '2018-11-23 14:52:21', '2018-01-03 08:08:07', '2018-11-23 14:52:21'),
	(168, 20, 7, 91.00, '2018-11-23 14:52:21', '2018-07-12 06:34:21', '2018-11-23 14:52:21'),
	(169, 70, 7, 81.00, '2018-11-23 14:52:21', '2018-01-29 18:22:10', '2018-11-23 14:52:21'),
	(170, 86, 8, 52.00, '2018-11-23 14:52:22', '2018-08-24 19:22:31', '2018-11-23 14:52:22'),
	(171, 88, 9, 35.00, '2018-11-23 14:52:22', '2018-04-11 10:08:45', '2018-11-23 14:52:22'),
	(172, 107, 12, 94.00, '2018-11-23 14:52:22', '2018-08-21 13:35:11', '2018-11-23 14:52:22'),
	(173, 13, 3, 68.00, '2018-11-23 14:52:22', '2018-01-24 21:10:08', '2018-11-23 14:52:22'),
	(174, 111, 9, 81.00, '2018-11-23 14:52:22', '2018-03-07 00:11:35', '2018-11-23 14:52:22'),
	(175, 38, 9, 78.00, '2018-11-23 14:52:22', '2018-09-04 13:41:37', '2018-11-23 14:52:22'),
	(176, 57, 6, 100.00, '2018-11-23 14:52:22', '2018-03-13 01:05:00', '2018-11-23 14:52:22'),
	(177, 29, 13, 29.00, '2018-11-23 14:52:23', '2018-07-04 08:54:29', '2018-11-23 14:52:23'),
	(178, 79, 6, 46.00, '2018-11-23 14:52:23', '2018-03-15 18:04:13', '2018-11-23 14:52:23'),
	(179, 131, 6, 68.00, '2018-11-23 14:52:23', '2017-12-21 06:08:37', '2018-11-23 14:52:23'),
	(180, 13, 13, 90.00, '2018-11-23 14:52:23', '2018-07-06 13:23:49', '2018-11-23 14:52:23'),
	(181, 138, 9, 64.00, '2018-11-23 14:52:23', '2018-04-27 05:37:50', '2018-11-23 14:52:23'),
	(182, 33, 8, 87.00, '2018-11-23 14:52:23', '2018-06-28 00:00:23', '2018-11-23 14:52:23'),
	(183, 91, 4, 38.00, '2018-11-23 14:52:24', '2018-02-18 06:58:16', '2018-11-23 14:52:24'),
	(184, 28, 13, 80.00, '2018-11-23 14:52:24', '2018-10-22 16:07:27', '2018-11-23 14:52:24'),
	(185, 58, 12, 36.00, '2018-11-23 14:52:24', '2018-05-19 23:55:39', '2018-11-23 14:52:24'),
	(186, 114, 7, 61.00, '2018-11-23 14:52:24', '2017-12-18 15:05:34', '2018-11-23 14:52:24'),
	(187, 138, 13, 42.00, '2018-11-23 14:52:24', '2018-01-04 09:24:54', '2018-11-23 14:52:24'),
	(188, 37, 4, 77.00, '2018-11-23 14:52:24', '2018-04-22 17:56:43', '2018-11-23 14:52:24'),
	(189, 55, 9, 90.00, '2018-11-23 14:52:25', '2018-02-11 12:02:47', '2018-11-23 14:52:25'),
	(190, 86, 4, 74.00, '2018-11-23 14:52:25', '2018-07-11 08:10:52', '2018-11-23 14:52:25'),
	(191, 53, 2, 40.00, '2018-11-23 14:52:25', '2018-06-09 04:35:39', '2018-11-23 14:52:25'),
	(192, 9, 8, 83.00, '2018-11-23 14:52:25', '2018-06-20 03:57:36', '2018-11-23 14:52:25'),
	(193, 58, 6, 40.00, '2018-11-23 14:52:25', '2018-05-29 08:28:29', '2018-11-23 14:52:25'),
	(194, 20, 2, 89.00, '2018-11-23 14:52:25', '2018-11-19 02:47:15', '2018-11-23 14:52:25'),
	(195, 23, 4, 65.00, '2018-11-23 14:52:26', '2018-04-14 03:30:16', '2018-11-23 14:52:26'),
	(196, 3, 12, 80.00, '2018-11-23 14:52:26', '2018-04-05 10:15:43', '2018-11-23 14:52:26'),
	(197, 131, 1, 83.00, '2018-11-23 14:52:26', '2018-05-16 12:05:37', '2018-11-23 14:52:26'),
	(198, 125, 11, 63.00, '2018-11-23 14:52:26', '2018-03-02 14:07:14', '2018-11-23 14:52:26'),
	(199, 43, 12, 22.00, '2018-11-23 14:52:26', '2018-10-31 04:23:56', '2018-11-23 14:52:26'),
	(200, 117, 10, 79.00, '2018-11-23 14:52:26', '2018-05-12 19:27:53', '2018-11-23 14:52:26');
/*!40000 ALTER TABLE `assessments` ENABLE KEYS */;

-- Dumping structure for table school.courses
CREATE TABLE IF NOT EXISTS `courses` (
  `id` int(10) unsigned NOT NULL AUTO_INCREMENT,
  `name` varchar(255) COLLATE utf8mb4_unicode_ci NOT NULL,
  `detail` text COLLATE utf8mb4_unicode_ci NOT NULL,
  `duration` int(11) NOT NULL,
  `created_at` timestamp NULL DEFAULT NULL,
  `updated_at` timestamp NULL DEFAULT NULL,
  PRIMARY KEY (`id`)
) ENGINE=InnoDB AUTO_INCREMENT=14 DEFAULT CHARSET=utf8mb4 COLLATE=utf8mb4_unicode_ci;

-- Dumping data for table school.courses: ~13 rows (approximately)
DELETE FROM `courses`;
/*!40000 ALTER TABLE `courses` DISABLE KEYS */;
INSERT INTO `courses` (`id`, `name`, `detail`, `duration`, `created_at`, `updated_at`) VALUES
	(1, 'Computer Science', 'Aenean sit amet justo. Morbi ut odio.', 4, '2018-05-17 11:40:18', '2018-06-20 01:03:10'),
	(2, 'Business', 'Praesent id massa id nisl venenatis lacinia. Aenean sit amet justo. Morbi ut odio. Cras mi pede, malesuada in, imperdiet et, commodo vulputate, justo. In blandit ultrices enim. Lorem ipsum dolor sit amet, consectetuer adipiscing elit. Proin interdum mauris non ligula pellentesque ultrices. Phasellus id sapien in sapien iaculis congue. Vivamus metus arcu, adipiscing molestie, hendrerit at, vulputate vitae, nisl. Aenean lectus. Pellentesque eget nunc. Donec quis orci eget orci vehicula condimentum. Curabitur in libero ut massa volutpat convallis. Morbi odio odio, elementum eu, interdum eu, tincidunt in, leo. Maecenas pulvinar lobortis est. Phasellus sit amet erat. Nulla tempus. Vivamus in felis eu sapien cursus vestibulum. Proin eu mi. Nulla ac enim. In tempor, turpis nec euismod scelerisque, quam turpis adipiscing lorem, vitae mattis nibh ligula nec sem. Duis aliquam convallis nunc. Proin at turpis a pede posuere nonummy. Integer non velit. Donec diam neque, vestibulum eget, vulputate ut, ultrices vel, augue. Vestibulum ante ipsum primis in faucibus orci luctus et ultrices posuere cubilia Curae; Donec pharetra, magna vestibulum aliquet ultrices, erat tortor sollicitudin mi, sit amet lobortis sapien sapien non mi. Integer ac neque. Duis bibendum. Morbi non quam nec dui luctus rutrum. Nulla tellus. In sagittis dui vel nisl. Duis ac nibh. Fusce lacus purus, aliquet at, feugiat non, pretium quis, lectus. Suspendisse potenti. In eleifend quam a odio. In hac habitasse platea dictumst. Maecenas ut massa quis augue luctus tincidunt. Nulla mollis molestie lorem. Quisque ut erat. Curabitur gravida nisi at nibh. In hac habitasse platea dictumst.', 2, '2018-01-08 06:56:47', '2017-12-01 18:34:07'),
	(3, 'Humanities', 'In hac habitasse platea dictumst. Maecenas ut massa quis augue luctus tincidunt. Nulla mollis molestie lorem. Quisque ut erat. Curabitur gravida nisi at nibh. In hac habitasse platea dictumst. Aliquam augue quam, sollicitudin vitae, consectetuer eget, rutrum at, lorem. Integer tincidunt ante vel ipsum. Praesent blandit lacinia erat. Vestibulum sed magna at nunc commodo placerat. Praesent blandit. Nam nulla. Integer pede justo, lacinia eget, tincidunt eget, tempus vel, pede. Morbi porttitor lorem id ligula. Suspendisse ornare consequat lectus. In est risus, auctor sed, tristique in, tempus sit amet, sem. Fusce consequat. Nulla nisl. Nunc nisl. Duis bibendum, felis sed interdum venenatis, turpis enim blandit mi, in porttitor pede justo eu massa. Donec dapibus. Duis at velit eu est congue elementum. In hac habitasse platea dictumst. Morbi vestibulum, velit id pretium iaculis, diam erat fermentum justo, nec condimentum neque sapien placerat ante. Nulla justo. Aliquam quis turpis eget elit sodales scelerisque. Mauris sit amet eros. Suspendisse accumsan tortor quis turpis. Sed ante. Vivamus tortor. Duis mattis egestas metus. Aenean fermentum. Donec ut mauris eget massa tempor convallis. Nulla neque libero, convallis eget, eleifend luctus, ultricies eu, nibh. Quisque id justo sit amet sapien dignissim vestibulum. Vestibulum ante ipsum primis in faucibus orci luctus et ultrices posuere cubilia Curae; Nulla dapibus dolor vel est. Donec odio justo, sollicitudin ut, suscipit a, feugiat et, eros. Vestibulum ac est lacinia nisi venenatis tristique. Fusce congue, diam id ornare imperdiet, sapien urna pretium nisl, ut volutpat sapien arcu sed augue. Aliquam erat volutpat. In congue. Etiam justo. Etiam pretium iaculis justo.', 6, '2018-07-30 06:03:32', '2017-12-15 12:05:05'),
	(4, 'Data Science', 'Nulla ac enim. In tempor, turpis nec euismod scelerisque, quam turpis adipiscing lorem, vitae mattis nibh ligula nec sem. Duis aliquam convallis nunc. Proin at turpis a pede posuere nonummy.', 5, '2018-09-26 17:04:47', '2018-06-08 12:31:52'),
	(5, 'Personal Development', 'Proin eu mi. Nulla ac enim. In tempor, turpis nec euismod scelerisque, quam turpis adipiscing lorem, vitae mattis nibh ligula nec sem. Duis aliquam convallis nunc. Proin at turpis a pede posuere nonummy. Integer non velit. Donec diam neque, vestibulum eget, vulputate ut, ultrices vel, augue. Vestibulum ante ipsum primis in faucibus orci luctus et ultrices posuere cubilia Curae; Donec pharetra, magna vestibulum aliquet ultrices, erat tortor sollicitudin mi, sit amet lobortis sapien sapien non mi. Integer ac neque. Duis bibendum. Morbi non quam nec dui luctus rutrum. Nulla tellus. In sagittis dui vel nisl. Duis ac nibh. Fusce lacus purus, aliquet at, feugiat non, pretium quis, lectus. Suspendisse potenti. In eleifend quam a odio. In hac habitasse platea dictumst. Maecenas ut massa quis augue luctus tincidunt. Nulla mollis molestie lorem. Quisque ut erat. Curabitur gravida nisi at nibh. In hac habitasse platea dictumst. Aliquam augue quam, sollicitudin vitae, consectetuer eget, rutrum at, lorem. Integer tincidunt ante vel ipsum. Praesent blandit lacinia erat. Vestibulum sed magna at nunc commodo placerat. Praesent blandit. Nam nulla. Integer pede justo, lacinia eget, tincidunt eget, tempus vel, pede. Morbi porttitor lorem id ligula. Suspendisse ornare consequat lectus. In est risus, auctor sed, tristique in, tempus sit amet, sem. Fusce consequat. Nulla nisl. Nunc nisl. Duis bibendum, felis sed interdum venenatis, turpis enim blandit mi, in porttitor pede justo eu massa. Donec dapibus. Duis at velit eu est congue elementum. In hac habitasse platea dictumst. Morbi vestibulum, velit id pretium iaculis, diam erat fermentum justo, nec condimentum neque sapien placerat ante. Nulla justo. Aliquam quis turpis eget elit sodales scelerisque. Mauris sit amet eros.', 4, '2018-04-25 06:39:38', '2018-06-13 04:35:02'),
	(6, 'Art and Design', 'Praesent blandit. Nam nulla. Integer pede justo, lacinia eget, tincidunt eget, tempus vel, pede. Morbi porttitor lorem id ligula. Suspendisse ornare consequat lectus. In est risus, auctor sed, tristique in, tempus sit amet, sem. Fusce consequat. Nulla nisl. Nunc nisl. Duis bibendum, felis sed interdum venenatis, turpis enim blandit mi, in porttitor pede justo eu massa. Donec dapibus. Duis at velit eu est congue elementum. In hac habitasse platea dictumst. Morbi vestibulum, velit id pretium iaculis, diam erat fermentum justo, nec condimentum neque sapien placerat ante. Nulla justo. Aliquam quis turpis eget elit sodales scelerisque. Mauris sit amet eros. Suspendisse accumsan tortor quis turpis. Sed ante. Vivamus tortor. Duis mattis egestas metus. Aenean fermentum. Donec ut mauris eget massa tempor convallis. Nulla neque libero, convallis eget, eleifend luctus, ultricies eu, nibh. Quisque id justo sit amet sapien dignissim vestibulum. Vestibulum ante ipsum primis in faucibus orci luctus et ultrices posuere cubilia Curae; Nulla dapibus dolor vel est. Donec odio justo, sollicitudin ut, suscipit a, feugiat et, eros. Vestibulum ac est lacinia nisi venenatis tristique. Fusce congue, diam id ornare imperdiet, sapien urna pretium nisl, ut volutpat sapien arcu sed augue. Aliquam erat volutpat. In congue. Etiam justo. Etiam pretium iaculis justo. In hac habitasse platea dictumst. Etiam faucibus cursus urna. Ut tellus. Nulla ut erat id mauris vulputate elementum. Nullam varius. Nulla facilisi. Cras non velit nec nisi vulputate nonummy. Maecenas tincidunt lacus at velit. Vivamus vel nulla eget eros elementum pellentesque. Quisque porta volutpat erat. Quisque erat eros, viverra eget, congue eget, semper rutrum, nulla. Nunc purus. Phasellus in felis. Donec semper sapien a libero. Nam dui.', 3, '2018-09-01 22:58:12', '2018-01-04 21:29:52'),
	(7, 'Programming', 'Vestibulum quam sapien, varius ut, blandit non, interdum in, ante. Vestibulum ante ipsum primis in faucibus orci luctus et ultrices posuere cubilia Curae; Duis faucibus accumsan odio. Curabitur convallis. Duis consequat dui nec nisi volutpat eleifend. Donec ut dolor. Morbi vel lectus in quam fringilla rhoncus. Mauris enim leo, rhoncus sed, vestibulum sit amet, cursus id, turpis. Integer aliquet, massa id lobortis convallis, tortor risus dapibus augue, vel accumsan tellus nisi eu orci. Mauris lacinia sapien quis libero. Nullam sit amet turpis elementum ligula vehicula consequat. Morbi a ipsum. Integer a nibh. In quis justo. Maecenas rhoncus aliquam lacus. Morbi quis tortor id nulla ultrices aliquet. Maecenas leo odio, condimentum id, luctus nec, molestie sed, justo. Pellentesque viverra pede ac diam. Cras pellentesque volutpat dui. Maecenas tristique, est et tempus semper, est quam pharetra magna, ac consequat metus sapien ut nunc. Vestibulum ante ipsum primis in faucibus orci luctus et ultrices posuere cubilia Curae; Mauris viverra diam vitae quam. Suspendisse potenti.', 2, '2018-11-17 12:54:43', '2018-05-26 22:41:40'),
	(8, 'Engineering', 'Fusce lacus purus, aliquet at, feugiat non, pretium quis, lectus. Suspendisse potenti.', 6, '2017-12-26 02:02:32', '2018-04-11 17:07:12'),
	(9, 'Health and Medicine', 'Nulla nisl. Nunc nisl. Duis bibendum, felis sed interdum venenatis, turpis enim blandit mi, in porttitor pede justo eu massa. Donec dapibus. Duis at velit eu est congue elementum. In hac habitasse platea dictumst. Morbi vestibulum, velit id pretium iaculis, diam erat fermentum justo, nec condimentum neque sapien placerat ante. Nulla justo. Aliquam quis turpis eget elit sodales scelerisque. Mauris sit amet eros. Suspendisse accumsan tortor quis turpis. Sed ante. Vivamus tortor. Duis mattis egestas metus. Aenean fermentum. Donec ut mauris eget massa tempor convallis. Nulla neque libero, convallis eget, eleifend luctus, ultricies eu, nibh. Quisque id justo sit amet sapien dignissim vestibulum. Vestibulum ante ipsum primis in faucibus orci luctus et ultrices posuere cubilia Curae; Nulla dapibus dolor vel est. Donec odio justo, sollicitudin ut, suscipit a, feugiat et, eros. Vestibulum ac est lacinia nisi venenatis tristique. Fusce congue, diam id ornare imperdiet, sapien urna pretium nisl, ut volutpat sapien arcu sed augue. Aliquam erat volutpat. In congue. Etiam justo. Etiam pretium iaculis justo. In hac habitasse platea dictumst. Etiam faucibus cursus urna. Ut tellus. Nulla ut erat id mauris vulputate elementum. Nullam varius. Nulla facilisi. Cras non velit nec nisi vulputate nonummy. Maecenas tincidunt lacus at velit. Vivamus vel nulla eget eros elementum pellentesque. Quisque porta volutpat erat. Quisque erat eros, viverra eget, congue eget, semper rutrum, nulla. Nunc purus. Phasellus in felis. Donec semper sapien a libero. Nam dui. Proin leo odio, porttitor id, consequat in, consequat ut, nulla. Sed accumsan felis. Ut at dolor quis odio consequat varius.', 2, '2018-01-22 07:05:30', '2018-07-26 09:14:22'),
	(10, 'Mathematics', 'In eleifend quam a odio. In hac habitasse platea dictumst. Maecenas ut massa quis augue luctus tincidunt. Nulla mollis molestie lorem. Quisque ut erat. Curabitur gravida nisi at nibh. In hac habitasse platea dictumst. Aliquam augue quam, sollicitudin vitae, consectetuer eget, rutrum at, lorem. Integer tincidunt ante vel ipsum. Praesent blandit lacinia erat. Vestibulum sed magna at nunc commodo placerat. Praesent blandit. Nam nulla. Integer pede justo, lacinia eget, tincidunt eget, tempus vel, pede. Morbi porttitor lorem id ligula. Suspendisse ornare consequat lectus. In est risus, auctor sed, tristique in, tempus sit amet, sem. Fusce consequat. Nulla nisl. Nunc nisl. Duis bibendum, felis sed interdum venenatis, turpis enim blandit mi, in porttitor pede justo eu massa. Donec dapibus. Duis at velit eu est congue elementum. In hac habitasse platea dictumst. Morbi vestibulum, velit id pretium iaculis, diam erat fermentum justo, nec condimentum neque sapien placerat ante. Nulla justo. Aliquam quis turpis eget elit sodales scelerisque. Mauris sit amet eros. Suspendisse accumsan tortor quis turpis. Sed ante. Vivamus tortor. Duis mattis egestas metus. Aenean fermentum. Donec ut mauris eget massa tempor convallis. Nulla neque libero, convallis eget, eleifend luctus, ultricies eu, nibh. Quisque id justo sit amet sapien dignissim vestibulum. Vestibulum ante ipsum primis in faucibus orci luctus et ultrices posuere cubilia Curae; Nulla dapibus dolor vel est. Donec odio justo, sollicitudin ut, suscipit a, feugiat et, eros. Vestibulum ac est lacinia nisi venenatis tristique. Fusce congue, diam id ornare imperdiet, sapien urna pretium nisl, ut volutpat sapien arcu sed augue. Aliquam erat volutpat.', 2, '2018-01-16 12:31:15', '2018-10-10 03:32:58'),
	(11, 'Science', 'Integer ac leo. Pellentesque ultrices mattis odio. Donec vitae nisi. Nam ultrices, libero non mattis pulvinar, nulla pede ullamcorper augue, a suscipit nulla elit ac nulla.', 3, '2018-10-06 17:37:21', '2018-07-09 11:29:12'),
	(12, 'Social Sciences', 'Proin risus. Praesent lectus. Vestibulum quam sapien, varius ut, blandit non, interdum in, ante. Vestibulum ante ipsum primis in faucibus orci luctus et ultrices posuere cubilia Curae; Duis faucibus accumsan odio. Curabitur convallis. Duis consequat dui nec nisi volutpat eleifend. Donec ut dolor. Morbi vel lectus in quam fringilla rhoncus. Mauris enim leo, rhoncus sed, vestibulum sit amet, cursus id, turpis. Integer aliquet, massa id lobortis convallis, tortor risus dapibus augue, vel accumsan tellus nisi eu orci. Mauris lacinia sapien quis libero. Nullam sit amet turpis elementum ligula vehicula consequat. Morbi a ipsum. Integer a nibh. In quis justo. Maecenas rhoncus aliquam lacus.', 2, '2018-03-19 19:37:38', '2018-05-15 07:37:05'),
	(13, 'Education and Teaching', 'Nullam varius. Nulla facilisi. Cras non velit nec nisi vulputate nonummy. Maecenas tincidunt lacus at velit. Vivamus vel nulla eget eros elementum pellentesque. Quisque porta volutpat erat.', 6, '2018-03-04 16:51:03', '2018-03-29 02:54:32');
/*!40000 ALTER TABLE `courses` ENABLE KEYS */;

-- Dumping structure for table school.enrolls
CREATE TABLE IF NOT EXISTS `enrolls` (
  `id` int(10) unsigned NOT NULL AUTO_INCREMENT,
  `student_id` int(10) unsigned NOT NULL,
  `course_id` int(10) unsigned NOT NULL,
  `enrolled_at` timestamp NOT NULL DEFAULT CURRENT_TIMESTAMP ON UPDATE CURRENT_TIMESTAMP,
  `created_at` timestamp NULL DEFAULT NULL,
  `updated_at` timestamp NULL DEFAULT NULL,
  PRIMARY KEY (`id`),
  KEY `enrolls_student_id_foreign` (`student_id`),
  KEY `enrolls_course_id_foreign` (`course_id`),
  KEY `enrolls_id_student_id_course_id_index` (`id`,`student_id`,`course_id`),
  CONSTRAINT `enrolls_course_id_foreign` FOREIGN KEY (`course_id`) REFERENCES `courses` (`id`) ON UPDATE CASCADE,
  CONSTRAINT `enrolls_student_id_foreign` FOREIGN KEY (`student_id`) REFERENCES `students` (`id`) ON UPDATE CASCADE
) ENGINE=InnoDB AUTO_INCREMENT=201 DEFAULT CHARSET=utf8mb4 COLLATE=utf8mb4_unicode_ci;

-- Dumping data for table school.enrolls: ~200 rows (approximately)
DELETE FROM `enrolls`;
/*!40000 ALTER TABLE `enrolls` DISABLE KEYS */;
INSERT INTO `enrolls` (`id`, `student_id`, `course_id`, `enrolled_at`, `created_at`, `updated_at`) VALUES
	(1, 127, 13, '2018-11-15 08:37:52', '2018-07-07 19:38:56', '2018-01-26 17:43:09'),
	(2, 116, 11, '2018-10-15 00:45:53', '2018-07-02 08:35:09', '2018-06-21 04:12:33'),
	(3, 7, 10, '2018-03-10 16:50:51', '2018-05-07 11:24:36', '2018-08-07 21:55:29'),
	(4, 120, 9, '2018-03-31 23:01:23', '2018-01-18 09:49:06', '2018-03-07 04:00:05'),
	(5, 4, 3, '2018-08-24 14:58:23', '2018-10-18 13:09:35', '2018-03-14 09:08:08'),
	(6, 100, 2, '2018-08-23 08:58:57', '2018-10-16 17:07:37', '2018-03-23 00:10:07'),
	(7, 123, 5, '2017-12-28 13:25:01', '2018-03-18 21:22:07', '2018-09-11 23:57:54'),
	(8, 27, 9, '2018-09-19 22:47:03', '2018-01-24 16:21:49', '2017-12-21 20:29:59'),
	(9, 68, 7, '2018-09-25 23:44:14', '2018-11-16 20:49:18', '2018-03-10 05:57:52'),
	(10, 79, 11, '2017-12-01 17:39:03', '2017-12-27 19:05:21', '2018-05-13 15:37:34'),
	(11, 138, 2, '2018-06-21 01:43:07', '2017-12-24 17:15:17', '2018-08-27 10:25:17'),
	(12, 13, 6, '2018-09-25 02:09:55', '2018-01-24 00:57:54', '2018-05-17 00:17:34'),
	(13, 131, 4, '2018-04-28 17:51:48', '2018-06-16 16:03:25', '2018-04-12 15:43:32'),
	(14, 107, 11, '2018-07-29 04:05:11', '2018-09-04 06:23:52', '2018-09-29 21:55:33'),
	(15, 32, 7, '2018-02-25 06:58:12', '2018-01-02 11:08:58', '2018-02-06 20:11:00'),
	(16, 40, 9, '2018-05-30 13:10:19', '2017-12-22 08:56:35', '2018-01-19 00:36:07'),
	(17, 71, 1, '2018-03-29 18:46:24', '2018-01-15 10:32:07', '2018-04-08 15:54:06'),
	(18, 46, 12, '2018-03-17 09:04:30', '2018-10-01 05:00:10', '2018-04-29 12:16:08'),
	(19, 102, 2, '2018-05-24 05:05:15', '2018-11-17 21:08:29', '2018-07-13 07:35:21'),
	(20, 1, 3, '2018-07-27 11:55:30', '2018-11-05 07:44:38', '2018-03-20 10:59:23'),
	(21, 135, 4, '2017-12-12 02:08:17', '2018-07-22 14:23:20', '2018-03-15 12:09:57'),
	(22, 113, 2, '2018-11-16 15:29:01', '2018-08-12 10:48:50', '2017-11-27 20:14:55'),
	(23, 14, 3, '2018-03-06 16:29:50', '2018-02-21 19:21:57', '2018-06-15 08:42:30'),
	(24, 5, 12, '2018-07-13 17:17:06', '2018-02-27 22:25:45', '2018-07-18 00:43:02'),
	(25, 107, 10, '2018-04-01 10:18:44', '2018-04-02 16:14:20', '2018-10-03 21:42:42'),
	(26, 5, 11, '2018-07-18 02:30:42', '2018-03-11 12:48:53', '2018-01-13 01:11:39'),
	(27, 73, 12, '2018-01-31 02:30:57', '2018-04-23 23:54:29', '2017-12-25 04:48:43'),
	(28, 63, 1, '2017-12-22 12:54:35', '2018-03-30 08:07:26', '2018-03-19 04:49:12'),
	(29, 115, 8, '2018-05-01 23:46:02', '2018-08-06 01:13:36', '2018-08-08 21:27:34'),
	(30, 8, 3, '2018-04-11 16:44:21', '2018-07-14 20:06:26', '2017-12-17 12:48:09'),
	(31, 134, 4, '2018-05-20 18:37:54', '2018-06-15 19:29:27', '2018-03-10 23:44:26'),
	(32, 25, 8, '2017-12-12 03:08:47', '2018-08-21 07:08:30', '2018-03-27 04:05:00'),
	(33, 5, 7, '2018-05-31 22:23:49', '2018-11-21 19:45:41', '2018-03-02 05:46:20'),
	(34, 117, 9, '2018-04-04 14:36:48', '2018-04-13 18:42:38', '2018-05-05 10:43:16'),
	(35, 45, 4, '2018-04-11 21:19:11', '2018-08-07 22:06:37', '2018-03-20 13:11:47'),
	(36, 139, 4, '2017-12-23 04:29:18', '2017-12-26 22:48:10', '2018-09-10 23:35:18'),
	(37, 107, 2, '2017-12-17 05:13:06', '2017-12-24 13:06:38', '2018-01-11 09:44:07'),
	(38, 124, 8, '2018-09-09 03:10:02', '2017-12-24 00:32:46', '2018-07-14 10:31:51'),
	(39, 9, 10, '2018-05-31 21:46:55', '2018-06-28 05:45:40', '2018-02-04 07:03:07'),
	(40, 32, 7, '2018-11-09 17:38:56', '2018-09-09 11:41:18', '2018-05-06 12:32:55'),
	(41, 34, 5, '2018-11-17 11:31:46', '2018-10-28 15:57:43', '2017-11-27 19:10:16'),
	(42, 86, 5, '2017-12-14 16:40:08', '2018-04-30 18:32:33', '2018-08-24 03:36:15'),
	(43, 81, 6, '2018-11-18 12:14:13', '2018-06-18 16:22:04', '2018-02-25 18:15:22'),
	(44, 56, 6, '2018-02-10 00:57:17', '2018-04-05 22:26:23', '2018-01-15 02:21:58'),
	(45, 41, 8, '2018-04-26 13:06:58', '2018-04-05 03:40:08', '2018-07-21 01:01:25'),
	(46, 32, 5, '2018-02-19 11:07:13', '2018-09-25 14:04:58', '2017-12-05 15:37:10'),
	(47, 59, 7, '2017-12-04 17:19:25', '2017-12-10 15:25:38', '2018-07-11 16:45:10'),
	(48, 91, 4, '2018-05-22 21:09:57', '2018-05-09 14:35:22', '2018-03-17 22:12:55'),
	(49, 101, 10, '2018-01-15 16:51:58', '2018-01-02 09:02:32', '2018-03-29 00:32:32'),
	(50, 93, 7, '2018-06-16 23:24:53', '2018-10-17 01:54:01', '2018-07-31 12:40:04'),
	(51, 99, 5, '2018-01-13 05:30:25', '2018-08-08 19:57:50', '2018-02-28 23:00:48'),
	(52, 9, 8, '2018-09-20 22:34:01', '2018-01-27 19:59:51', '2018-07-07 07:18:17'),
	(53, 19, 7, '2018-10-30 17:31:10', '2018-06-05 23:08:48', '2018-01-10 18:15:35'),
	(54, 70, 12, '2018-03-29 00:12:18', '2018-02-09 21:47:09', '2018-06-01 12:22:09'),
	(55, 7, 1, '2018-07-23 00:07:57', '2018-03-27 21:20:44', '2018-04-25 00:55:04'),
	(56, 41, 13, '2018-11-10 10:58:03', '2018-01-09 15:39:59', '2018-07-13 15:49:21'),
	(57, 5, 2, '2018-03-25 23:55:22', '2017-12-29 08:34:10', '2018-06-03 01:45:11'),
	(58, 47, 4, '2018-06-01 12:43:59', '2018-06-19 11:34:47', '2018-09-26 03:00:09'),
	(59, 17, 13, '2018-01-31 11:58:58', '2018-11-02 23:19:53', '2018-07-12 23:13:33'),
	(60, 35, 7, '2018-05-31 23:27:20', '2018-04-25 13:48:14', '2018-01-31 22:40:30'),
	(61, 107, 6, '2018-08-30 21:47:52', '2018-05-01 10:18:09', '2018-05-06 04:33:40'),
	(62, 114, 8, '2017-11-26 05:46:41', '2018-07-16 19:16:04', '2018-05-07 17:44:14'),
	(63, 11, 12, '2018-08-21 21:59:02', '2018-03-28 09:48:57', '2018-09-17 14:29:27'),
	(64, 5, 10, '2018-05-27 21:40:37', '2018-04-19 03:29:33', '2018-04-19 09:45:51'),
	(65, 10, 5, '2017-12-29 02:22:49', '2018-04-01 18:03:59', '2017-12-03 13:36:00'),
	(66, 18, 10, '2018-10-29 07:07:06', '2018-03-04 16:30:20', '2018-07-06 04:49:16'),
	(67, 34, 6, '2018-07-12 13:25:13', '2018-11-07 17:02:30', '2018-01-09 15:22:04'),
	(68, 96, 9, '2018-06-25 13:14:44', '2018-03-21 20:58:04', '2018-01-05 03:51:12'),
	(69, 62, 4, '2018-06-06 09:44:01', '2018-06-07 16:27:47', '2018-05-10 15:03:54'),
	(70, 71, 6, '2018-06-20 19:15:24', '2018-07-08 11:56:06', '2018-01-08 10:51:57'),
	(71, 12, 9, '2018-06-01 21:23:00', '2018-01-28 12:10:33', '2018-02-03 04:07:57'),
	(72, 113, 13, '2018-03-15 02:05:57', '2018-03-10 21:17:40', '2018-09-20 07:35:37'),
	(73, 81, 7, '2018-11-17 11:40:05', '2018-08-13 21:55:46', '2018-06-04 23:40:11'),
	(74, 24, 7, '2018-02-11 10:21:56', '2018-09-14 22:52:13', '2018-02-05 23:54:54'),
	(75, 18, 4, '2018-03-04 21:27:46', '2018-09-10 12:55:20', '2018-06-26 19:15:10'),
	(76, 66, 11, '2018-08-09 03:05:17', '2018-05-10 18:38:46', '2018-05-19 01:43:57'),
	(77, 71, 9, '2018-06-14 01:09:05', '2018-06-23 19:44:21', '2018-09-24 22:37:15'),
	(78, 81, 7, '2018-04-03 11:11:56', '2018-03-28 09:53:43', '2018-06-14 14:59:24'),
	(79, 63, 4, '2018-04-02 16:07:27', '2018-08-02 22:02:08', '2018-07-30 07:11:33'),
	(80, 119, 6, '2018-02-05 19:48:21', '2017-12-18 01:14:09', '2018-05-28 19:34:35'),
	(81, 47, 5, '2018-01-14 23:33:56', '2018-03-04 08:31:48', '2018-07-16 16:42:39'),
	(82, 128, 1, '2018-07-31 11:47:48', '2018-01-11 11:21:33', '2018-02-21 09:16:39'),
	(83, 122, 5, '2018-03-22 01:56:32', '2018-07-09 20:49:47', '2018-01-23 08:41:29'),
	(84, 138, 2, '2017-11-25 08:30:05', '2018-11-08 06:35:18', '2018-06-12 07:38:43'),
	(85, 67, 12, '2017-12-10 14:26:41', '2018-08-14 05:39:04', '2018-05-11 21:37:22'),
	(86, 109, 10, '2018-07-04 14:17:09', '2018-01-05 12:58:39', '2017-12-14 22:07:50'),
	(87, 77, 7, '2018-05-09 11:15:18', '2018-05-01 10:14:59', '2018-01-09 21:25:57'),
	(88, 115, 2, '2018-05-21 12:59:06', '2018-10-05 08:37:32', '2018-10-24 01:55:57'),
	(89, 133, 2, '2018-08-04 19:38:04', '2018-07-13 07:22:02', '2018-06-30 12:36:07'),
	(90, 36, 13, '2018-07-18 18:09:28', '2018-06-28 20:38:40', '2018-08-30 22:50:57'),
	(91, 22, 10, '2018-02-15 07:42:29', '2018-06-13 07:07:57', '2018-10-31 17:41:22'),
	(92, 30, 2, '2018-08-24 19:49:38', '2018-04-19 10:55:35', '2017-11-29 08:23:59'),
	(93, 57, 13, '2018-10-22 21:20:41', '2017-12-07 03:32:58', '2018-08-06 00:29:15'),
	(94, 84, 1, '2018-04-02 13:35:26', '2018-07-06 09:47:44', '2018-07-31 19:31:47'),
	(95, 27, 1, '2018-06-17 23:45:58', '2018-04-29 07:48:50', '2018-09-02 01:40:25'),
	(96, 66, 11, '2018-04-10 06:11:17', '2018-06-09 08:09:21', '2018-02-08 13:20:50'),
	(97, 17, 7, '2018-02-15 23:02:03', '2018-10-16 22:08:45', '2018-04-16 03:58:12'),
	(98, 55, 7, '2018-07-25 02:02:27', '2018-11-04 21:56:46', '2018-05-13 03:56:37'),
	(99, 13, 4, '2018-10-08 22:42:19', '2018-10-08 14:15:33', '2018-09-09 09:01:35'),
	(100, 65, 2, '2018-09-03 17:06:28', '2018-11-05 10:28:14', '2018-09-26 18:49:48'),
	(101, 103, 13, '2018-07-03 23:03:05', '2018-09-19 16:19:37', '2018-03-11 23:19:05'),
	(102, 86, 9, '2018-09-29 11:25:00', '2018-11-22 02:20:56', '2018-10-31 20:55:18'),
	(103, 62, 8, '2018-08-30 17:54:05', '2018-04-24 13:09:05', '2018-03-22 04:26:48'),
	(104, 139, 10, '2018-03-10 01:32:01', '2017-12-27 23:01:01', '2018-09-21 12:34:15'),
	(105, 94, 6, '2018-04-11 04:47:41', '2018-06-19 20:39:41', '2018-09-05 15:51:43'),
	(106, 128, 7, '2018-03-16 17:39:07', '2018-08-16 23:58:26', '2018-02-08 03:34:46'),
	(107, 123, 8, '2018-04-27 16:43:13', '2018-02-02 20:00:38', '2018-04-06 00:23:19'),
	(108, 76, 3, '2018-11-06 00:32:05', '2018-07-07 20:35:29', '2018-06-21 20:54:12'),
	(109, 41, 7, '2018-01-19 03:15:37', '2018-06-16 00:02:14', '2018-06-14 04:35:03'),
	(110, 83, 5, '2017-12-22 13:16:42', '2018-03-24 01:28:48', '2018-08-28 11:12:32'),
	(111, 62, 6, '2018-03-09 14:04:55', '2018-09-14 04:30:39', '2017-11-25 22:49:28'),
	(112, 3, 5, '2018-05-11 21:12:43', '2018-08-27 05:06:23', '2017-11-29 18:51:18'),
	(113, 99, 8, '2017-12-10 21:02:21', '2018-10-22 04:29:15', '2018-08-26 19:41:15'),
	(114, 124, 8, '2018-04-04 02:40:53', '2018-09-19 20:04:01', '2018-10-17 03:00:06'),
	(115, 67, 10, '2018-01-16 03:36:45', '2018-06-05 10:47:01', '2018-09-05 11:09:14'),
	(116, 139, 3, '2017-12-05 14:13:42', '2018-03-09 05:25:21', '2018-04-17 16:05:42'),
	(117, 55, 4, '2017-12-30 13:02:06', '2018-08-22 04:23:42', '2018-02-28 13:55:34'),
	(118, 133, 5, '2018-05-19 11:59:18', '2018-05-04 07:22:53', '2018-07-12 15:43:55'),
	(119, 79, 13, '2018-06-04 22:06:01', '2018-09-13 23:58:54', '2018-06-12 07:04:07'),
	(120, 21, 10, '2018-04-30 13:59:11', '2018-03-21 01:04:25', '2018-09-15 11:03:26'),
	(121, 93, 5, '2018-10-24 07:19:15', '2018-03-27 15:21:35', '2017-12-13 06:45:34'),
	(122, 97, 13, '2018-05-30 23:42:31', '2018-04-14 09:20:55', '2018-01-22 02:27:31'),
	(123, 43, 3, '2018-07-21 00:25:37', '2018-07-11 20:23:39', '2018-04-03 00:03:23'),
	(124, 20, 10, '2018-10-16 16:21:54', '2018-02-20 11:00:27', '2018-05-29 14:07:26'),
	(125, 106, 13, '2018-09-01 15:25:38', '2018-01-10 07:28:09', '2018-03-19 04:22:01'),
	(126, 87, 9, '2017-11-25 12:19:08', '2018-05-25 07:38:09', '2017-11-23 01:47:11'),
	(127, 125, 10, '2018-08-14 12:42:18', '2018-09-13 04:32:00', '2018-04-08 08:01:50'),
	(128, 56, 13, '2018-06-01 20:13:59', '2018-03-12 17:06:55', '2018-01-30 10:56:10'),
	(129, 21, 2, '2018-05-30 05:09:50', '2018-08-02 00:30:13', '2018-01-03 22:35:23'),
	(130, 113, 7, '2017-12-29 22:54:01', '2017-11-28 00:06:50', '2018-05-06 22:32:16'),
	(131, 61, 4, '2018-11-07 01:57:26', '2018-02-10 12:20:22', '2018-03-28 01:00:09'),
	(132, 58, 2, '2018-06-09 14:58:01', '2018-05-07 08:38:20', '2018-08-26 10:41:46'),
	(133, 114, 6, '2018-09-12 03:56:57', '2018-04-23 11:31:58', '2018-08-15 14:49:44'),
	(134, 62, 1, '2018-01-03 07:03:20', '2018-10-25 23:11:28', '2018-02-21 07:22:40'),
	(135, 22, 4, '2018-03-21 07:40:04', '2018-01-23 17:03:29', '2018-05-15 13:24:40'),
	(136, 13, 6, '2018-04-26 23:33:54', '2018-01-26 07:20:44', '2018-04-11 16:19:40'),
	(137, 103, 1, '2018-05-24 23:44:37', '2018-08-03 01:43:34', '2017-12-16 17:25:38'),
	(138, 91, 10, '2017-12-17 21:20:06', '2018-05-25 14:32:39', '2018-09-23 17:00:25'),
	(139, 83, 12, '2018-01-28 02:37:55', '2018-07-05 07:39:43', '2017-11-28 03:43:43'),
	(140, 75, 7, '2018-03-31 11:12:50', '2018-09-02 10:50:34', '2018-04-23 09:28:00'),
	(141, 27, 4, '2018-01-04 14:13:49', '2018-04-01 00:31:27', '2018-09-25 20:17:41'),
	(142, 122, 1, '2018-09-17 04:02:09', '2018-06-01 23:28:07', '2018-09-27 06:18:03'),
	(143, 83, 13, '2017-12-09 17:11:22', '2018-03-28 15:09:54', '2018-09-22 15:32:12'),
	(144, 137, 8, '2018-02-19 15:42:25', '2018-04-25 10:48:12', '2018-09-29 05:59:06'),
	(145, 113, 3, '2018-09-16 10:09:58', '2018-10-29 21:14:43', '2018-03-27 13:04:42'),
	(146, 115, 9, '2018-06-02 03:07:05', '2018-08-04 15:32:27', '2018-05-31 07:40:13'),
	(147, 120, 10, '2018-09-02 12:27:40', '2018-03-12 23:23:15', '2017-11-29 19:32:28'),
	(148, 57, 13, '2018-07-31 00:57:26', '2018-05-05 14:06:19', '2018-01-26 20:35:12'),
	(149, 29, 8, '2017-12-22 21:48:20', '2018-10-20 16:43:32', '2018-06-25 13:58:43'),
	(150, 4, 4, '2018-03-28 18:29:56', '2018-01-17 18:01:28', '2018-08-20 05:43:01'),
	(151, 130, 12, '2018-11-15 00:15:34', '2018-02-04 07:25:12', '2017-11-25 23:33:49'),
	(152, 123, 2, '2018-07-06 19:00:00', '2018-04-13 20:42:10', '2018-09-18 13:07:13'),
	(153, 11, 11, '2017-12-31 06:49:34', '2018-05-17 04:39:39', '2018-07-12 14:11:36'),
	(154, 35, 4, '2018-05-07 17:19:47', '2018-05-14 12:38:38', '2018-10-24 13:51:49'),
	(155, 93, 1, '2017-12-19 07:29:39', '2018-04-15 12:05:43', '2018-05-04 01:48:51'),
	(156, 50, 10, '2018-08-26 14:24:11', '2018-04-30 03:39:11', '2018-01-30 04:42:45'),
	(157, 117, 9, '2018-11-04 10:45:21', '2018-09-16 18:07:26', '2018-03-03 21:47:42'),
	(158, 139, 6, '2018-10-16 12:21:08', '2018-04-29 11:02:44', '2018-05-04 07:50:57'),
	(159, 136, 2, '2018-09-18 23:29:53', '2018-08-28 09:21:56', '2018-03-20 18:28:12'),
	(160, 92, 9, '2017-12-23 09:21:30', '2018-03-31 22:37:53', '2018-02-21 07:15:22'),
	(161, 125, 4, '2018-03-30 04:04:57', '2018-08-13 17:07:34', '2018-09-12 13:00:58'),
	(162, 126, 12, '2018-04-29 13:41:03', '2018-06-26 19:22:36', '2018-07-18 05:53:25'),
	(163, 136, 10, '2018-10-22 05:25:19', '2018-06-30 14:10:54', '2018-01-09 13:18:21'),
	(164, 35, 13, '2017-12-09 14:23:50', '2018-10-28 09:46:51', '2017-11-28 10:01:25'),
	(165, 34, 10, '2018-06-16 05:52:47', '2018-07-07 15:22:40', '2018-04-24 05:15:05'),
	(166, 35, 3, '2018-04-14 02:47:51', '2018-11-04 17:27:54', '2018-06-30 23:36:32'),
	(167, 81, 13, '2017-12-01 11:25:31', '2018-01-03 08:08:07', '2018-03-26 09:17:26'),
	(168, 20, 7, '2018-08-19 00:05:24', '2018-07-12 06:34:21', '2018-01-20 21:40:36'),
	(169, 70, 7, '2018-01-29 15:49:16', '2018-01-29 18:22:10', '2017-11-26 21:38:11'),
	(170, 86, 8, '2018-02-07 10:35:39', '2018-08-24 19:22:31', '2018-10-27 06:16:02'),
	(171, 88, 9, '2018-04-17 09:41:14', '2018-04-11 10:08:45', '2018-01-27 01:23:21'),
	(172, 107, 12, '2018-01-06 04:02:04', '2018-08-21 13:35:11', '2018-07-08 09:46:34'),
	(173, 13, 3, '2018-09-23 04:31:01', '2018-01-24 21:10:08', '2018-05-21 14:53:25'),
	(174, 111, 9, '2018-10-04 15:17:26', '2018-03-07 00:11:35', '2018-08-28 13:30:01'),
	(175, 38, 9, '2018-08-10 18:21:20', '2018-09-04 13:41:37', '2018-01-25 10:17:56'),
	(176, 57, 6, '2018-10-28 17:07:30', '2018-03-13 01:05:00', '2018-10-04 19:23:10'),
	(177, 29, 13, '2018-09-10 07:02:24', '2018-07-04 08:54:29', '2018-02-18 19:35:08'),
	(178, 79, 6, '2018-06-30 04:07:05', '2018-03-15 18:04:13', '2018-10-27 01:41:31'),
	(179, 131, 6, '2018-05-01 16:57:31', '2017-12-21 06:08:37', '2018-08-22 19:25:36'),
	(180, 13, 13, '2018-06-01 20:49:51', '2018-07-06 13:23:49', '2018-04-19 10:36:02'),
	(181, 138, 9, '2017-12-24 13:23:43', '2018-04-27 05:37:50', '2018-03-15 15:50:54'),
	(182, 33, 8, '2018-11-06 06:02:28', '2018-06-28 00:00:23', '2018-02-10 21:23:38'),
	(183, 91, 4, '2017-12-17 04:21:23', '2018-02-18 06:58:16', '2018-10-05 19:16:09'),
	(184, 28, 13, '2017-12-21 00:42:29', '2018-10-22 16:07:27', '2018-07-19 05:14:57'),
	(185, 58, 12, '2018-11-02 22:41:35', '2018-05-19 23:55:39', '2018-01-03 17:00:30'),
	(186, 114, 7, '2018-02-10 17:50:27', '2017-12-18 15:05:34', '2018-08-28 05:30:25'),
	(187, 138, 13, '2018-02-25 07:18:18', '2018-01-04 09:24:54', '2018-10-26 15:04:08'),
	(188, 37, 4, '2018-07-01 23:40:20', '2018-04-22 17:56:43', '2018-03-11 12:26:09'),
	(189, 55, 9, '2018-02-05 23:39:58', '2018-02-11 12:02:47', '2017-11-28 11:13:13'),
	(190, 86, 4, '2017-12-21 09:31:50', '2018-07-11 08:10:52', '2018-04-05 20:22:29'),
	(191, 53, 2, '2018-05-22 08:07:00', '2018-06-09 04:35:39', '2018-05-01 12:41:05'),
	(192, 9, 8, '2018-07-15 18:45:57', '2018-06-20 03:57:36', '2018-03-06 18:10:00'),
	(193, 58, 6, '2018-01-06 14:55:15', '2018-05-29 08:28:29', '2018-02-10 12:43:32'),
	(194, 20, 2, '2018-01-16 16:57:52', '2018-11-19 02:47:15', '2018-09-14 17:45:10'),
	(195, 23, 4, '2018-02-06 07:14:40', '2018-04-14 03:30:16', '2018-06-05 10:59:01'),
	(196, 3, 12, '2018-05-27 06:41:10', '2018-04-05 10:15:43', '2018-05-27 09:18:57'),
	(197, 131, 1, '2018-02-11 18:13:23', '2018-05-16 12:05:37', '2018-05-27 11:56:46'),
	(198, 125, 11, '2018-03-07 07:58:39', '2018-03-02 14:07:14', '2018-07-12 01:08:33'),
	(199, 43, 12, '2018-05-29 19:11:48', '2018-10-31 04:23:56', '2017-12-07 12:00:13'),
	(200, 117, 10, '2018-10-16 09:40:12', '2018-05-12 19:27:53', '2018-10-21 22:03:05');
/*!40000 ALTER TABLE `enrolls` ENABLE KEYS */;

-- Dumping structure for table school.students
CREATE TABLE IF NOT EXISTS `students` (
  `id` int(10) unsigned NOT NULL AUTO_INCREMENT,
  `name` varchar(255) COLLATE utf8mb4_unicode_ci NOT NULL,
  `email` varchar(255) COLLATE utf8mb4_unicode_ci NOT NULL,
  `phone` varchar(255) COLLATE utf8mb4_unicode_ci NOT NULL,
  `dob` date NOT NULL,
  `created_at` timestamp NULL DEFAULT NULL,
  `updated_at` timestamp NULL DEFAULT NULL,
  PRIMARY KEY (`id`)
) ENGINE=InnoDB AUTO_INCREMENT=143 DEFAULT CHARSET=utf8mb4 COLLATE=utf8mb4_unicode_ci;

-- Dumping data for table school.students: ~142 rows (approximately)
DELETE FROM `students`;
/*!40000 ALTER TABLE `students` DISABLE KEYS */;
INSERT INTO `students` (`id`, `name`, `email`, `phone`, `dob`, `created_at`, `updated_at`) VALUES
	(1, 'Moe Twizell', 'mtwizell0@51.la', '7608439412', '1996-07-21', '2018-07-18 05:17:45', '2018-07-20 23:25:47'),
	(2, 'Dorthy Kemmett', 'dkemmett1@posterous.com', '1029123742', '1995-01-27', '2018-08-17 21:39:12', '2018-06-08 05:41:31'),
	(3, 'Kaela Cayford', 'kcayford2@dailymail.co.uk', '5437124254', '1996-07-09', '2018-06-21 10:22:36', '2018-04-24 20:29:23'),
	(4, 'Jacklin Duplock', 'jduplock3@army.mil', '9592985039', '1996-09-17', '2018-01-04 13:13:24', '2017-12-05 20:27:50'),
	(5, 'Margaretta Heyward', 'mheyward4@mozilla.com', '3077120724', '1995-10-04', '2018-07-08 09:18:18', '2018-02-26 05:56:24'),
	(6, 'Stephanie Pursey', 'spursey5@go.com', '4062494474', '1995-07-01', '2018-03-02 15:48:14', '2018-04-08 01:18:50'),
	(7, 'Kirsti Medley', 'kmedley6@auda.org.au', '4423022188', '1994-11-23', '2018-06-18 19:36:18', '2017-12-04 06:36:24'),
	(8, 'Larisa Kays', 'lkays7@samsung.com', '6319933043', '1996-09-12', '2018-02-20 20:26:17', '2018-01-10 03:02:07'),
	(9, 'Leopold Gianilli', 'lgianilli8@tinyurl.com', '3956575521', '1995-10-16', '2018-04-26 08:48:13', '2018-05-24 06:01:20'),
	(10, 'Nye Hainey', 'nhainey9@un.org', '8883772748', '1996-11-09', '2018-06-05 23:05:51', '2018-06-06 23:11:44'),
	(11, 'Astrix Ogg', 'aogga@about.me', '8622431217', '1995-07-11', '2017-11-27 21:32:36', '2018-05-29 09:18:10'),
	(12, 'Ynez Pirolini', 'ypirolinib@w3.org', '6275455839', '1996-10-16', '2018-01-25 08:11:58', '2018-02-21 09:07:29'),
	(13, 'Torr Dawby', 'tdawbyc@wix.com', '1646205041', '1995-03-14', '2018-10-01 07:26:30', '2018-08-12 16:07:29'),
	(14, 'Jacintha Woollard', 'jwoollardd@msn.com', '7782772139', '1995-11-28', '2018-08-27 15:39:32', '2017-12-30 03:38:14'),
	(15, 'Arron Joire', 'ajoiree@weebly.com', '7415942193', '1996-03-09', '2018-02-26 07:12:50', '2018-07-27 17:57:42'),
	(16, 'Carlie Scorer', 'cscorerf@macromedia.com', '8407392999', '1996-07-16', '2018-01-20 01:03:02', '2017-12-31 10:34:05'),
	(17, 'Zacharias Spellworth', 'zspellworthg@ehow.com', '3186518439', '1996-02-29', '2018-04-29 08:50:37', '2018-07-10 01:31:22'),
	(18, 'Britt Kristoffersen', 'bkristoffersenh@reddit.com', '8156169876', '1995-02-22', '2018-07-15 17:12:15', '2018-06-02 18:50:52'),
	(19, 'Lorrin Tewkesbury.', 'ltewkesburyi@csmonitor.com', '5533634572', '1995-08-18', '2018-07-26 11:50:48', '2018-08-15 11:38:42'),
	(20, 'Conchita Murrhardt', 'cmurrhardtj@wiley.com', '7649405207', '1995-02-13', '2018-04-09 21:23:22', '2018-07-18 10:44:54'),
	(21, 'Irma Calafate', 'icalafatek@unesco.org', '4128658617', '1996-08-23', '2017-12-09 07:06:29', '2018-09-10 18:47:30'),
	(22, 'Jemima O\' Finan', 'jol@alibaba.com', '3277819102', '1996-03-24', '2018-04-15 20:01:50', '2018-04-15 08:12:50'),
	(23, 'Selig McQuarrie', 'smcquarriem@nationalgeographic.com', '4514238765', '1995-11-01', '2018-05-03 19:22:26', '2018-09-23 08:56:52'),
	(24, 'Dorita Shakesby', 'dshakesbyn@businessinsider.com', '2474055875', '1996-01-08', '2018-08-16 02:21:24', '2018-04-28 08:49:24'),
	(25, 'Bartolemo Curnock', 'bcurnocko@cdbaby.com', '8778022503', '1995-10-31', '2018-03-21 15:30:53', '2018-02-11 20:09:44'),
	(26, 'Tobie Dominec', 'tdominecp@eventbrite.com', '5167903772', '1995-09-28', '2018-01-29 03:13:14', '2018-10-17 15:12:19'),
	(27, 'Veronica Nunson', 'vnunsonq@sakura.ne.jp', '5363986446', '1995-04-05', '2018-09-09 04:22:45', '2018-02-28 06:40:50'),
	(28, 'Farrand Walak', 'fwalakr@opensource.org', '2221600511', '1995-03-09', '2017-11-29 17:00:18', '2018-07-19 17:24:14'),
	(29, 'Marlena Ranklin', 'mranklins@amazonaws.com', '4919841215', '1996-09-11', '2018-08-14 14:22:27', '2018-08-13 14:10:06'),
	(30, 'Lucine Cossins', 'lcossinst@elpais.com', '9133630100', '1996-11-02', '2018-05-05 13:51:59', '2018-01-13 08:06:51'),
	(31, 'Avivah Thackwray', 'athackwrayu@eventbrite.com', '8319065899', '1996-10-10', '2018-04-07 00:49:48', '2018-09-29 13:19:34'),
	(32, 'Clementius Dunk', 'cdunkv@hc360.com', '6606948301', '1995-10-24', '2018-02-22 04:14:32', '2018-06-08 06:45:00'),
	(33, 'Calhoun Farmar', 'cfarmarw@google.com.hk', '2771650897', '1995-09-19', '2018-01-23 03:16:47', '2018-05-18 11:46:36'),
	(34, 'Alvina Dolphin', 'adolphinx@nytimes.com', '7022502443', '1994-12-21', '2018-10-03 13:05:42', '2018-04-06 11:26:20'),
	(35, 'Hollyanne Boast', 'hboasty@hostgator.com', '6993131006', '1994-12-28', '2018-08-06 12:09:53', '2018-05-31 13:18:40'),
	(36, 'Gram Vaskin', 'gvaskinz@nature.com', '5071764579', '1995-09-23', '2018-05-06 18:46:57', '2018-06-20 07:21:12'),
	(37, 'Genvieve Esley', 'gesley10@domainmarket.com', '2252584608', '1996-09-01', '2018-05-11 02:20:47', '2018-07-23 09:27:20'),
	(38, 'Pepi Byram', 'pbyram11@accuweather.com', '9748356224', '1995-05-30', '2018-05-04 15:23:58', '2018-01-10 22:25:55'),
	(39, 'Genny Thorogood', 'gthorogood12@auda.org.au', '3284823571', '1995-11-19', '2018-04-22 14:03:54', '2018-05-18 04:19:55'),
	(40, 'Gustav Scherer', 'gscherer13@usatoday.com', '7971869298', '1996-05-27', '2018-10-07 02:17:49', '2018-04-15 03:39:11'),
	(41, 'Kylie Snepp', 'ksnepp14@alexa.com', '7813103320', '1995-07-16', '2017-11-28 01:20:45', '2018-10-21 12:31:29'),
	(42, 'Sonya Pizey', 'spizey15@zdnet.com', '9527738196', '1995-06-03', '2018-01-29 04:42:17', '2018-07-25 02:40:20'),
	(43, 'Fawne Truluck', 'ftruluck16@amazon.de', '4917229943', '1996-09-12', '2018-04-30 15:45:47', '2017-12-12 15:28:11'),
	(44, 'Merwin Mouth', 'mmouth17@angelfire.com', '4107899174', '1996-09-16', '2017-11-23 01:25:33', '2017-12-07 02:23:26'),
	(45, 'Kelvin Giacobini', 'kgiacobini18@parallels.com', '7322748252', '1995-06-06', '2018-09-27 03:16:13', '2018-02-05 16:48:54'),
	(46, 'Fulton Macconachy', 'fmacconachy19@deviantart.com', '6935441017', '1996-05-21', '2018-01-12 04:32:48', '2018-07-12 13:49:00'),
	(47, 'Davon Quadrio', 'dquadrio1a@google.de', '5882372078', '1995-05-10', '2018-06-09 13:59:19', '2018-01-02 09:48:36'),
	(48, 'Danell Prendiville', 'dprendiville1b@loc.gov', '2594061992', '1995-07-02', '2018-09-07 14:41:01', '2018-09-09 22:39:47'),
	(49, 'Lenora McKee', 'lmckee1c@merriam-webster.com', '2658970670', '1995-04-16', '2018-01-04 14:31:30', '2018-01-12 08:41:36'),
	(50, 'Stan Moryson', 'smoryson1d@freewebs.com', '6746603526', '1995-02-16', '2018-07-20 10:59:47', '2017-12-25 08:40:45'),
	(51, 'Randa Demchen', 'rdemchen1e@geocities.jp', '6498803816', '1996-09-07', '2017-12-22 08:51:15', '2018-03-20 12:00:52'),
	(52, 'Allianora MacColl', 'amaccoll1f@yelp.com', '8964164807', '1996-09-05', '2018-10-16 14:00:39', '2018-03-23 11:23:37'),
	(53, 'Rana Ellsworthe', 'rellsworthe1g@homestead.com', '2976841003', '1995-01-06', '2017-12-05 09:12:37', '2018-05-16 22:12:02'),
	(54, 'Neill Kordovani', 'nkordovani1h@tinypic.com', '9227596629', '1995-04-12', '2018-08-29 04:58:33', '2018-09-06 18:33:25'),
	(55, 'Bernarr Iley', 'biley1i@seattletimes.com', '6147592016', '1996-02-16', '2017-12-07 18:01:57', '2018-08-21 04:22:31'),
	(56, 'Winfield Spellward', 'wspellward1j@economist.com', '7822951545', '1996-11-20', '2018-04-18 13:26:12', '2018-04-18 19:56:19'),
	(57, 'Dimitry Meharg', 'dmeharg1k@answers.com', '2506977329', '1996-06-12', '2018-06-15 07:36:34', '2018-03-08 23:41:00'),
	(58, 'Wilma Fulep', 'wfulep1l@ovh.net', '9758195370', '1995-01-16', '2018-04-15 01:18:15', '2018-09-16 16:47:04'),
	(59, 'Brigitte Rawlin', 'brawlin1m@shop-pro.jp', '1913421013', '1995-01-01', '2018-01-26 21:26:43', '2018-08-03 10:17:47'),
	(60, 'Dorri Huston', 'dhuston1n@opera.com', '7168221676', '1996-02-14', '2018-04-29 14:09:33', '2017-12-05 23:17:17'),
	(61, 'Betty Tolputt', 'btolputt1o@deviantart.com', '6235686037', '1996-04-17', '2018-03-18 04:42:38', '2018-09-27 20:17:17'),
	(62, 'Everard Cancutt', 'ecancutt1p@symantec.com', '3278849381', '1995-07-23', '2017-11-29 20:11:17', '2018-09-26 00:02:31'),
	(63, 'Ulick Parades', 'uparades1q@reddit.com', '6142867597', '1994-12-20', '2018-07-06 13:39:24', '2018-05-27 11:35:25'),
	(64, 'Rosmunda Revie', 'rrevie1r@typepad.com', '7358389245', '1995-12-24', '2018-03-16 18:27:12', '2018-09-30 06:40:41'),
	(65, 'Laurette Grzegorecki', 'lgrzegorecki1s@shutterfly.com', '3518116163', '1996-04-06', '2018-01-27 18:29:20', '2017-11-24 23:11:30'),
	(66, 'Berny Disbrey', 'bdisbrey1t@disqus.com', '3485209320', '1996-05-22', '2018-06-12 07:39:41', '2018-06-22 09:30:47'),
	(67, 'Kienan Dowker', 'kdowker1u@wp.com', '7132810373', '1995-06-11', '2018-10-09 15:35:12', '2018-02-16 10:58:22'),
	(68, 'Currey Fullagar', 'cfullagar1v@ifeng.com', '8971456854', '1996-03-18', '2018-09-09 22:19:52', '2018-04-03 09:32:22'),
	(69, 'Herman Enocksson', 'henocksson1w@bloglines.com', '3162896613', '1995-10-20', '2018-10-11 07:24:38', '2018-01-22 20:54:02'),
	(70, 'Berti Weedenburg', 'bweedenburg1x@flickr.com', '3155688142', '1996-01-27', '2017-12-18 01:12:24', '2018-04-08 18:38:09'),
	(71, 'Yard Rossant', 'yrossant1y@wikia.com', '1021732522', '1995-11-14', '2018-08-05 05:11:34', '2018-01-02 23:11:34'),
	(72, 'Saloma Sturch', 'ssturch1z@noaa.gov', '4187884813', '1995-05-25', '2018-06-12 03:35:58', '2018-03-04 20:06:17'),
	(73, 'Lusa Babonau', 'lbabonau20@wikipedia.org', '3365286750', '1996-02-22', '2018-05-24 22:00:08', '2018-03-16 22:57:00'),
	(74, 'Maible Blaze', 'mblaze21@purevolume.com', '7881965961', '1996-07-11', '2018-05-06 03:34:56', '2018-07-13 04:46:34'),
	(75, 'Mordy Johnys', 'mjohnys22@nifty.com', '1165893711', '1996-01-26', '2018-07-08 11:52:43', '2018-07-31 21:20:57'),
	(76, 'Gretta Filipiak', 'gfilipiak23@nature.com', '2958522616', '1996-02-23', '2018-03-30 18:51:21', '2018-02-06 09:57:32'),
	(77, 'Allis Speers', 'aspeers24@zdnet.com', '3862955761', '1994-12-31', '2018-01-20 04:48:22', '2018-08-10 22:46:27'),
	(78, 'Elladine Balkwill', 'ebalkwill25@gov.uk', '9952551313', '1996-05-05', '2018-09-11 06:20:32', '2018-10-02 21:44:56'),
	(79, 'Jeanine Rozea', 'jrozea26@sitemeter.com', '1951451894', '1995-02-25', '2018-06-28 02:45:05', '2018-07-19 10:05:47'),
	(80, 'Emiline Woollaston', 'ewoollaston27@liveinternet.ru', '9272918155', '1996-07-03', '2018-03-20 06:06:46', '2017-12-31 22:52:37'),
	(81, 'Merrill Teresia', 'mteresia28@china.com.cn', '9744382768', '1995-11-12', '2018-02-25 23:15:49', '2018-06-06 04:58:03'),
	(82, 'Jilleen Rymour', 'jrymour29@washington.edu', '6121370432', '1996-09-24', '2018-07-10 11:50:42', '2018-03-11 21:04:30'),
	(83, 'Zebulon Eisold', 'zeisold2a@pen.io', '7142143706', '1995-07-13', '2018-08-20 08:17:14', '2018-05-13 13:54:03'),
	(84, 'Carlye Anneslie', 'canneslie2b@omniture.com', '6884167957', '1995-12-18', '2018-09-26 21:38:26', '2017-12-03 08:54:11'),
	(85, 'Adelaida Seifert', 'aseifert2c@army.mil', '4868312710', '1996-04-06', '2018-04-05 23:31:12', '2018-07-07 02:33:41'),
	(86, 'Herve Gatman', 'hgatman2d@ycombinator.com', '9582308565', '1994-11-28', '2017-12-18 17:10:22', '2018-04-15 01:25:19'),
	(87, 'Georgy Tarply', 'gtarply2e@weebly.com', '4995591254', '1996-09-15', '2018-07-27 18:08:11', '2018-01-06 06:49:19'),
	(88, 'Sanford Gresswood', 'sgresswood2f@sitemeter.com', '2075652534', '1996-07-04', '2017-12-24 09:33:25', '2018-10-10 22:36:59'),
	(89, 'Olly Jillins', 'ojillins2g@desdev.cn', '3346622949', '1996-09-15', '2018-05-29 12:44:07', '2018-03-19 09:30:44'),
	(90, 'Glenine Seres', 'gseres2h@latimes.com', '5005137140', '1996-07-27', '2018-07-25 10:39:14', '2018-03-04 04:22:28'),
	(91, 'Klemens Chiese', 'kchiese2i@deviantart.com', '5355509615', '1995-08-06', '2018-09-23 21:42:46', '2018-08-24 03:31:47'),
	(92, 'Tymon Le Grice', 'tle2j@bloglines.com', '6754403071', '1996-02-15', '2018-06-23 20:10:43', '2018-02-21 12:09:39'),
	(93, 'Cassandre Kinsella', 'ckinsella2k@mtv.com', '2976595861', '1996-10-17', '2017-11-25 15:47:30', '2018-01-11 02:06:13'),
	(94, 'Juana Saladino', 'jsaladino2l@mapquest.com', '1546770533', '1995-06-08', '2018-10-31 02:22:00', '2018-05-15 20:55:48'),
	(95, 'Stanislaw Ackwood', 'sackwood2m@google.com', '1412650722', '1996-01-07', '2018-11-05 12:24:20', '2018-01-29 09:18:14'),
	(96, 'Teddie Lamping', 'tlamping2n@naver.com', '8346849786', '1996-10-19', '2018-04-11 17:36:59', '2018-09-03 06:44:31'),
	(97, 'Brook Dillon', 'bdillon2o@census.gov', '7299915767', '1995-12-12', '2018-04-08 13:27:39', '2018-05-10 18:57:31'),
	(98, 'Baron Mobius', 'bmobius2p@miibeian.gov.cn', '4674065546', '1995-04-15', '2018-03-31 09:16:35', '2018-07-06 00:23:59'),
	(99, 'Jamison Itzcovichch', 'jitzcovichch2q@kickstarter.com', '9223165271', '1995-10-20', '2018-01-11 14:13:30', '2018-08-17 16:04:40'),
	(100, 'Baxie Lehrmann', 'blehrmann2r@e-recht24.de', '3224297523', '1996-11-01', '2018-02-08 17:29:33', '2017-12-17 18:55:52'),
	(101, 'Tadeas Brierly', 'tbrierly2s@free.fr', '2553258763', '1996-01-01', '2018-05-20 06:15:58', '2018-05-25 12:23:03'),
	(102, 'Worden Oxlee', 'woxlee2t@dyndns.org', '5772989930', '1994-12-29', '2018-07-11 23:53:52', '2018-02-09 11:48:43'),
	(103, 'Abbi Casolla', 'acasolla2u@utexas.edu', '9406169203', '1995-11-23', '2018-04-18 05:25:19', '2018-06-10 14:51:30'),
	(104, 'Darsey Beeho', 'dbeeho2v@sohu.com', '2647561675', '1996-10-05', '2018-02-28 17:04:51', '2018-08-26 07:08:31'),
	(105, 'Shepherd Tayt', 'stayt2w@360.cn', '7329702806', '1996-03-22', '2018-11-20 14:35:04', '2018-02-19 07:16:58'),
	(106, 'Melba Finnie', 'mfinnie2x@latimes.com', '6733144964', '1994-12-18', '2018-01-05 20:17:42', '2018-10-31 22:37:02'),
	(107, 'Wainwright Twelvetree', 'wtwelvetree2y@mac.com', '5508451366', '1995-08-30', '2018-03-19 12:12:31', '2018-02-23 20:37:04'),
	(108, 'Camellia Moreby', 'cmoreby2z@yelp.com', '3248593341', '1996-10-31', '2018-03-29 13:51:56', '2018-08-09 09:51:13'),
	(109, 'Jodee O\'Halloran', 'johalloran30@arstechnica.com', '3621939932', '1996-09-06', '2018-08-21 06:14:20', '2018-01-01 19:55:50'),
	(110, 'Ollie Soar', 'osoar31@bloglines.com', '1144591975', '1996-01-25', '2017-12-22 14:13:35', '2017-11-28 11:05:43'),
	(111, 'Kathrine Sinyard', 'ksinyard32@unicef.org', '1323850647', '1996-06-20', '2018-10-22 21:12:27', '2018-08-06 07:16:01'),
	(112, 'Amie Bernardoni', 'abernardoni33@infoseek.co.jp', '7772433455', '1995-10-28', '2018-02-21 15:43:29', '2018-05-08 11:36:45'),
	(113, 'Claire Noon', 'cnoon34@admin.ch', '3465743898', '1996-07-27', '2018-03-06 09:30:00', '2017-12-15 13:25:05'),
	(114, 'Angelo Weldrake', 'aweldrake35@phoca.cz', '3238555584', '1996-11-11', '2018-04-10 23:21:23', '2018-06-27 08:34:40'),
	(115, 'Crawford Ferronier', 'cferronier36@biglobe.ne.jp', '2456582029', '1996-07-13', '2018-07-11 20:12:37', '2018-07-15 06:01:12'),
	(116, 'Sasha Markwell', 'smarkwell37@wsj.com', '6082584444', '1995-11-30', '2018-03-27 20:26:07', '2018-03-18 18:19:32'),
	(117, 'Tommie Yakubov', 'tyakubov38@google.nl', '1179142092', '1995-03-15', '2017-12-25 10:03:25', '2018-07-27 11:21:28'),
	(118, 'Roobbie Duckit', 'rduckit39@booking.com', '1849105828', '1995-08-30', '2017-12-05 09:56:30', '2017-12-14 10:26:55'),
	(119, 'Chet Asbrey', 'casbrey3a@cnbc.com', '3883269131', '1996-07-25', '2018-07-10 12:23:49', '2017-12-02 10:06:22'),
	(120, 'Timotheus Cowdroy', 'tcowdroy3b@army.mil', '5713063962', '1995-05-05', '2018-01-01 20:18:32', '2018-02-13 18:03:33'),
	(121, 'Natale Conquer', 'nconquer3c@arizona.edu', '1858961857', '1995-10-02', '2017-12-18 21:40:23', '2018-10-16 07:11:46'),
	(122, 'Salli Roe', 'sroe3d@tinypic.com', '8903761185', '1995-04-22', '2018-08-29 14:28:38', '2018-04-04 23:05:34'),
	(123, 'Jody Wightman', 'jwightman3e@github.io', '9107423319', '1995-12-13', '2018-11-14 22:56:47', '2017-12-21 20:17:19'),
	(124, 'Brose MacGorman', 'bmacgorman3f@cnbc.com', '1662145802', '1995-12-29', '2018-06-17 22:29:03', '2018-09-25 05:56:13'),
	(125, 'Arliene Rossborough', 'arossborough3g@about.com', '1449248420', '1995-08-19', '2018-03-27 14:42:40', '2018-06-18 05:35:30'),
	(126, 'Zeke Bailiss', 'zbailiss3h@liveinternet.ru', '9395756185', '1996-10-09', '2018-10-23 20:13:34', '2018-09-24 23:33:13'),
	(127, 'Corty Jerche', 'cjerche3i@paypal.com', '3975511289', '1995-11-25', '2018-10-30 16:03:05', '2017-12-11 13:01:56'),
	(128, 'Alexio Gorse', 'agorse3j@qq.com', '4785381134', '1995-06-20', '2018-11-06 17:14:53', '2018-10-20 09:58:29'),
	(129, 'Marika Gush', 'mgush3k@amazonaws.com', '5828682902', '1995-01-13', '2018-07-27 09:28:59', '2018-07-19 18:37:14'),
	(130, 'Mandel Joskowicz', 'mjoskowicz3l@tmall.com', '3887476006', '1996-04-01', '2018-02-14 15:53:53', '2018-04-10 22:25:36'),
	(131, 'Geraldine Goudie', 'ggoudie3m@wordpress.org', '1809319870', '1996-07-04', '2018-07-30 11:04:20', '2018-08-21 05:34:43'),
	(132, 'Devonna Boynes', 'dboynes3n@economist.com', '8281808657', '1995-01-09', '2018-02-25 18:12:06', '2018-01-29 21:29:08'),
	(133, 'Eleanore Burd', 'eburd3o@histats.com', '1323885196', '1995-11-30', '2018-08-07 01:23:48', '2017-11-24 08:51:59'),
	(134, 'Orelia Gilleon', 'ogilleon3p@msn.com', '2012211182', '1995-06-12', '2018-03-17 02:16:13', '2018-05-25 05:53:45'),
	(135, 'Serene Mee', 'smee3q@state.gov', '4308910013', '1994-12-10', '2018-02-22 13:21:41', '2018-06-05 19:22:50'),
	(136, 'Adorne Breitler', 'abreitler3r@webmd.com', '9728538200', '1996-02-17', '2018-05-08 04:27:00', '2018-07-07 10:16:09'),
	(137, 'Howie Dagnan', 'hdagnan3s@macromedia.com', '7038763294', '1995-09-13', '2018-11-16 09:46:50', '2018-07-15 10:57:41'),
	(138, 'Hanna Atterley', 'hatterley3t@mozilla.org', '6496133770', '1996-04-09', '2018-04-25 16:59:30', '2017-12-16 12:32:01'),
	(139, 'Antonin Roberto', 'aroberto3u@nps.gov', '9429495903', '1995-07-07', '2018-02-04 21:22:14', '2018-06-12 12:57:56'),
	(140, 'Brennen Darrel', 'bdarrel3v@forbes.com', '8027293083', '1995-10-14', '2018-11-19 21:06:49', '2018-01-17 14:16:27'),
	(141, 'Ted Worner', 'tworner3w@wp.com', '9995671255', '1995-11-21', '2018-07-03 04:35:04', '2018-07-31 05:26:58'),
	(142, 'Pascale Sinott', 'psinott3x@icio.us', '9126162626', '1995-05-07', '2017-12-20 11:14:38', '2018-03-12 19:15:26');
/*!40000 ALTER TABLE `students` ENABLE KEYS */;

/*!40101 SET SQL_MODE=IFNULL(@OLD_SQL_MODE, '') */;
/*!40014 SET FOREIGN_KEY_CHECKS=IF(@OLD_FOREIGN_KEY_CHECKS IS NULL, 1, @OLD_FOREIGN_KEY_CHECKS) */;
/*!40101 SET CHARACTER_SET_CLIENT=@OLD_CHARACTER_SET_CLIENT */;
